un. medida,predicted,texto
,,
ampola,"comp,caixa,ampola,grama,frasco,m3,metro,unidade,litro,kg",clindamicina 9 mg ml amp 9 ml hypofarma 9 
ampola,"comp,frasco,unidade,grama,metro,litro,caixa,ampola,kg,rolo",atropina 9 mg sol inj amp 9 ml isofarma p
ampola,"caixa,ampola,m3,grama,litro,conjunto,metro,kg,galao,unidade",clindamicina fosfato 9 mg amp cx 9
ampola,"litro,comp,ampola,metro,unidade,grama,frasco,caixa,conjunto,rolo",hidrocortisona 9 mg injetavel cx 9 ampolas
ampola,"comp,ampola,grama,metro,unidade,kg,caixa,litro,frasco,galao",gentamicina 9 mg 9 ml inj  c 9 amp 
ampola,"litro,ampola,comp,unidade,caixa,grama,metro,conjunto,frasco,m3",ondansetrona 9 mg 9 ml sol inj cx 9 ampolas
ampola,"metro,grama,comp,ampola,kg,conjunto,caixa,m3,unidade,galao",butilbrometo escop 9 mg ml amp g 
ampola,"comp,frasco,ampola,grama,unidade,litro,metro,caixa,conjunto,m3",soro fisio 9 sist fec 9 ml cx 9 amp farmace 
ampola,"litro,comp,unidade,metro,ampola,grama,frasco,caixa,kg,galao",furosemida 9 mg injetavel cx 9 ampolas
ampola,"comp,frasco,grama,metro,ampola,litro,unidade,caixa,rolo,kg",dexametasona 9 mg ml amp x 9 ml cx 9 amp
ampola,"litro,ampola,unidade,comp,grama,metro,frasco,galao,caixa,kg",dipirona sodica injetavel cx 9 ampolas
ampola,"comp,ampola,frasco,grama,caixa,metro,litro,unidade,kg,conjunto",dipirona sodica 9 mg ml 9 ml amp santisa 
ampola,"comp,metro,grama,unidade,caixa,kg,litro,conjunto,ampola,rolo",complexo b im iv inj 9 ml amp
ampola,"comp,ampola,grama,caixa,litro,metro,unidade,frasco,m3,conjunto", flumazenil 9 mg ml amp 9 ml flunexil lote 9 
ampola,"comp,frasco,grama,ampola,metro,unidade,litro,caixa,kg,rolo",heparina sodica 9 ui 9 ml inj  sub 9 amp
ampola,"comp,grama,ampola,unidade,litro,kg,metro,caixa,kit,galao",fenocris 9 mg fenobarbital amp b 9 
ampola,"comp,grama,metro,unidade,litro,conjunto,caixa,ampola,kg,m3",soro fisiologico 9 9 ml c 9 amp
ampola,"ampola,kg,litro,comp,caixa,unidade,grama,kit,metro,galao",clindamicina 9 mg amp  uni o qu mica
ampola,"comp,unidade,frasco,ampola,grama,metro,caixa,litro,conjunto,m3",butilescopolamina dipirona sodica 9 ml cx 9 amp
ampola,"litro,ampola,comp,grama,unidade,metro,caixa,kg,kit,galao",lidocaina 9 s v amp 9 ml hypocaina
ampola,"grama,comp,kg,ampola,metro,unidade,m3,conjunto,litro,frasco",complexo b amp im iv l 9 q 9 f  v 
ampola,"frasco,comp,grama,unidade,metro,caixa,conjunto,kg,litro,ampola",omeprazol 9 mg injetavel cx 9 ampolas cristalia 
ampola,"comp,ampola,metro,grama,litro,conjunto,m3,caixa,unidade,galao",norepinefrina 9 mg ml cx c  9 amp
ampola,"litro,ampola,grama,unidade,comp,galao,frasco,caixa,metro,kg",dipirona sodica 9 mg sol inj amp 9 ml
ampola,"comp,grama,ampola,unidade,metro,kg,caixa,conjunto,m3,litro",dobutamina 9 mg 9 ml amp g 
ampola,"comp,grama,metro,litro,unidade,conjunto,ampola,caixa,kit,m3",furosemida 9 mg inj c 9 amp gen hosp  teuto hospitalar 
ampola,"comp,grama,ampola,frasco,caixa,metro,unidade,litro,m3,conjunto",dobutamina 9 mg inj fr 9 ml dobutamina solucao injetavel 9 mg ampola 9 ml oferecemos c 9 ml 
ampola,"grama,comp,ampola,metro,kg,m3,conjunto,unidade,galao,caixa",ceftriaxona sodica 9 g inj amp g 
ampola,"unidade,comp,ampola,grama,metro,litro,galao,kg,frasco,caixa",agua bidestilada cx c 9 amp x 9 ml farmace lt 9 e 9 fab  val 
ampola,"comp,ampola,caixa,metro,grama,litro,frasco,kg,kit,unidade",succinil colin 9 mg 9 amp
ampola,"comp,unidade,grama,frasco,ampola,metro,caixa,litro,kg,m3",sulfa trimetoprima 9 ml amp neo quimica 
ampola,"comp,ampola,metro,frasco,unidade,grama,litro,caixa,conjunto,kit",sulfato de magnesio a 9 9 ml cx c 9 amp plast 
ampola,"grama,comp,kg,ampola,metro,unidade,m3,conjunto,litro,frasco",complexo b amp im iv l 9 q 9 f  v 
ampola,"comp,metro,grama,ampola,conjunto,galao,kit,unidade,litro,kg",hyplex b inj cx 9 amp complexo b 
caixa,"comp,metro,ampola,litro,unidade,grama,caixa,m3,cilindro,kg",hidralazina 9 mg ml cx 9 amp
caixa,"caixa,comp,conjunto,metro,grama,unidade,m3,litro,kg,frasco",nylon 9 9 c ag 9 cm cx 9
caixa,"frasco,comp,grama,unidade,conjunto,caixa,metro,ampola,m3,litro",omeprazol 9 mg injetavel cx 9 ampolas oprazon 
caixa,"ampola,comp,grama,metro,kit,kg,unidade,litro,frasco,caixa",kabiven peripheral 9 kcal 9 ml cx 9 br 9 lot 9 if 9 val  fab 
caixa,"caixa,unidade,litro,metro,m3,conjunto,comp,grama,cilindro,ampola",luva de procedimento p cx 9
caixa,"comp,frasco,unidade,caixa,grama,ampola,metro,litro,conjunto,rolo",luva procedimento tam  m cx 9 pares medix 
caixa,"comp,unidade,ampola,grama,litro,caixa,frasco,metro,kit,m3",ocitocina 9 ui inj 9 ml cx 9 oxiton 
caixa,"comp,grama,frasco,unidade,caixa,metro,ampola,conjunto,litro,kit",ceftriaxona 9 gr iv im s dil cx  9 f a biochimico 
caixa,"unidade,litro,ampola,metro,comp,grama,kit,caixa,galao,frasco",luva procedimento tam p cx  9 pares
caixa,"m3,unidade,comp,grama,caixa,litro,conjunto,metro,frasco,ampola",benzilpenicilina 9 cx 9
caixa,"caixa,unidade,litro,grama,comp,metro,m3,conjunto,rolo,kg",glyvenol 9 mg drg cx 9 bl x 9
caixa,"comp,caixa,grama,litro,metro,unidade,kg,conjunto,cilindro,ampola",clorpromazina 9 mg bl c 9 cx 9 comp c 9 uniao quimica
caixa,"unidade,litro,comp,ampola,metro,frasco,grama,kit,caixa,conjunto",soro glicosado 9 9 ml cx 9 s fechado
caixa,"grama,caixa,kg,comp,litro,ampola,metro,unidade,frasco,rolo", pentasa 9 mg cx 9 cpr mesalazina ferring
caixa,"litro,unidade,grama,caixa,conjunto,comp,metro,ampola,m3,galao",teicoplanina 9 mg injetavel cx 9
caixa,"caixa,comp,conjunto,metro,grama,unidade,m3,litro,kg,frasco",nylon 9 9 c ag 9 cm cx 9
caixa,"comp,grama,unidade,litro,caixa,metro,kg,frasco,conjunto,rolo",cetoconazol 9 mg cx 9 gen
caixa,"comp,grama,frasco,ampola,caixa,unidade,litro,conjunto,metro,rolo",ceftriaxona 9 g iv im s dil cx 9 amplospec 
caixa,"caixa,unidade,litro,metro,m3,conjunto,comp,grama,cilindro,ampola",luva de procedimento p cx 9
caixa,"comp,grama,unidade,litro,frasco,caixa,m3,conjunto,ampola,metro",metformina 9 mg cx 9
caixa,"comp,unidade,caixa,grama,litro,metro,m3,ampola,conjunto,cilindro",fluoxetina 9 mg cx c 9 c 9             lote 9 valid  9
caixa,"grama,ampola,comp,metro,unidade,m3,caixa,conjunto,litro,kit",lidocaina a 9 s v 9 ml gen cx 9 
caixa,"kg,grama,unidade,m3,litro,caixa,comp,conjunto,galao,metro",caldo knorr carne cxa 9 x 9 9 g
caixa,"frasco,comp,metro,caixa,grama,ampola,litro,unidade,conjunto,rolo",loratadina 9 mg 9 bl x 9 comp cx c 9 comp
caixa,"comp,unidade,caixa,grama,litro,frasco,m3,metro,ampola,conjunto",agulha 9 x 9 cx 9
caixa,"litro,grama,comp,conjunto,metro,unidade,frasco,rolo,ampola,kit",giranda cx 9 tiros ouro
caixa,"ampola,litro,conjunto,caixa,unidade,grama,metro,m3,kg,comp",diclofenaco sodico 9 mg 9 ml cx 9
caixa,"comp,grama,metro,unidade,caixa,conjunto,litro,kg,ampola,cilindro",ceftriaxona 9 gr iv cx 9 fa celltriaxon fab  cellofarm
caixa,"caixa,unidade,litro,m3,metro,conjunto,comp,grama,cilindro,ampola",luva de procedimento g cx 9
caixa,"caixa,unidade,litro,metro,m3,conjunto,comp,grama,cilindro,ampola",luva de procedimento m cx 9
caixa,"m3,conjunto,frasco,grama,comp,litro,unidade,caixa,metro,ampola",cx gordura tigre dn 9
caixa,"comp,caixa,grama,ampola,frasco,metro,litro,unidade,kg,m3",ranitidina 9 mg ml 9 ml cx c 9 hypofarma 
caixa,"comp,unidade,caixa,litro,metro,m3,grama,conjunto,ampola,frasco",tenoxican 9 mg inj cx 9
caixa,"litro,comp,frasco,metro,grama,unidade,ampola,caixa,conjunto,kg",bromazepam 9 mg cx 9 comp g b 9 teuto
caixa,"caixa,unidade,litro,metro,m3,conjunto,comp,grama,cilindro,ampola",luva de procedimento p cx 9
caixa,"unidade,comp,litro,grama,m3,frasco,conjunto,metro,caixa,ampola",agua sanitaria cx c 9
caixa,"m3,caixa,comp,unidade,litro,grama,conjunto,frasco,ampola,kg",ocitocina inj cx 9
caixa,"comp,grama,unidade,caixa,litro,metro,frasco,conjunto,ampola,m3",dexametasona inj 9 mg ml 9 ml cx c  9 lote t 9/9
caixa,"litro,unidade,comp,caixa,metro,conjunto,grama,frasco,ampola,rolo",luva cirurgica esteril n  9 c inmetro antiderrapante cx c 9 marca maxitex
cilindro,"m3,comp,unidade,kg,metro,kit,litro,cilindro,caixa,frasco",oxigenio ppu
cilindro,"unidade,litro,frasco,comp,caixa,grama,m3,metro,ampola,kg",oxig nio med  em cil  9 m 9 9 9 na 9 onu
cilindro,"m3,comp,grama,unidade,caixa,kit,ampola,cilindro,kg,litro",oxigenio medicinal cil pp  
cilindro,"m3,comp,unidade,kg,metro,kit,litro,cilindro,caixa,frasco",oxigenio ppu
cilindro,"m3,comp,grama,unidade,caixa,kit,ampola,cilindro,kg,litro",oxigenio medicinal cil pp  
cilindro,"unidade,comp,litro,frasco,caixa,grama,metro,m3,ampola,kg",oxigenio med  em cil  9 m 9 tq 9 na 9 onu
cilindro,"m3,comp,unidade,kg,metro,kit,litro,cilindro,caixa,frasco",oxigenio ppu
cilindro,"unidade,m3,caixa,frasco,litro,grama,comp,metro,ampola,kg",oxigenio med em cil 9 m 9 tg 9 na un 9
cilindro,"unidade,litro,comp,kg,caixa,frasco,grama,metro,ampola,m3",ar med  cil 9 m 9 om 9 l onu 9 na 9 9
comp,"comp,litro,unidade,grama,conjunto,ampola,metro,caixa,frasco,rolo",enalapril 9 mg cpr
comp,"comp,grama,frasco,ampola,caixa,unidade,litro,metro,m3,kg",diazepam 9 mg cx 9 cpr  uni diazepax b 9 
comp,"comp,ampola,unidade,metro,grama,litro,kg,kit,frasco,caixa",fluoxetina 9 mg cx 9 caps teuto go 
comp,"comp,ampola,litro,metro,unidade,caixa,grama,frasco,conjunto,rolo",fluxon 9 mg c 9 comp neo hosp neo hospitalar 
comp,"comp,grama,unidade,litro,frasco,metro,conjunto,rolo,ampola,caixa",metronidazol 9 mg 9 cpr
comp,"comp,unidade,grama,frasco,litro,metro,ampola,caixa,kg,m3",afolic 9 mg c 9 comp hosp natulab hosp 
comp,"comp,litro,unidade,grama,ampola,conjunto,caixa,frasco,metro,m3",albendazol 9 mg 9 cp
comp,"comp,unidade,litro,metro,grama,caixa,conjunto,frasco,ampola,kg",levonorg etinilest 9 caps
comp,"frasco,grama,comp,caixa,unidade,litro,ampola,metro,rolo,kg",carbamazepina 9 mg c 9 cx 9 comp medley
comp,"comp,ampola,litro,grama,caixa,frasco,unidade,metro,kg,conjunto",hioscina dipirona 9 mg cx 9 comp pharlab 
comp,"comp,litro,unidade,ampola,grama,metro,conjunto,caixa,frasco,m3",furosemida 9 mg 9 cp
comp,"comp,ampola,litro,frasco,grama,unidade,conjunto,caixa,metro,m3",hidroclorotiazida 9 mg cx 9 comp  pharlab 
comp,"grama,kg,comp,litro,ampola,caixa,m3,unidade,conjunto,metro",calcitriol caps 9 mg
comp,"comp,m3,grama,unidade,kg,metro,ampola,kit,caixa,litro",diazepam 9 mg cx 9 comp b 9 
comp,"comp,litro,unidade,conjunto,grama,frasco,m3,ampola,caixa,metro",olcadil 9 mg c 9 cpr
comp,"comp,metro,unidade,grama,ampola,caixa,litro,kg,kit,cilindro",fluconazol 9 mg cmp medqu 
comp,"comp,unidade,metro,grama,litro,ampola,frasco,m3,conjunto,caixa",exodus 9 mg 9 cpr c 9 
comp,"comp,litro,unidade,grama,ampola,conjunto,caixa,metro,frasco,m3",enalapril 9 mg 9 cp
comp,"comp,ampola,metro,litro,unidade,grama,conjunto,frasco,caixa,kg",digoxina 9 mg c 9 comp
comp,"comp,grama,metro,unidade,ampola,m3,kg,litro,conjunto,caixa",depakote er 9 mg 9 cpr c 9 
comp,"unidade,comp,m3,grama,litro,caixa,metro,cilindro,kg,conjunto",omeprazol 9 mg comp lt 9 i 9
comp,"comp,unidade,grama,metro,litro,caixa,frasco,conjunto,rolo,kit",prometazina 9 mg comp teuto 
comp,"comp,grama,unidade,conjunto,litro,ampola,metro,galao,caixa,rolo",predcort 9 mg c 9 comp vitapan 
comp,"comp,grama,ampola,frasco,unidade,caixa,litro,metro,conjunto,kg",clonazepam 9 mg c 9 cpr s zilepam b 9 geolab go 
comp,"grama,conjunto,litro,comp,unidade,galao,metro,ampola,caixa,rolo",9 amitripitilina 9 mg comprimido
comp,"comp,unidade,grama,litro,kg,conjunto,caixa,frasco,metro,kit",captopril 9 mg cprs sanval 
comp,"comp,grama,unidade,metro,frasco,litro,caixa,ampola,conjunto,cilindro",metronidazol 9 mg generico cprs prati donaduzzi pr 
comp,"comp,unidade,litro,grama,frasco,conjunto,ampola,caixa,m3,metro",amiodarona 9 mg 9 cp
comp,"comp,litro,unidade,ampola,grama,metro,caixa,conjunto,frasco,rolo",fluconazol 9 mg 9 cp
comp,"comp,grama,metro,unidade,litro,caixa,conjunto,kg,frasco,ampola",cefalexina 9 mg comp gen
comp,"comp,grama,litro,ampola,unidade,metro,kg,kit,conjunto,caixa",fenocris 9 mg fenobarbital cp b 9 
comp,"comp,ampola,grama,litro,frasco,caixa,unidade,metro,conjunto,kg",dipirona 9 mg apres  cx c 9 cpr sobral pi 
comp,"comp,unidade,litro,metro,grama,caixa,frasco,ampola,kg,m3",sustrate c 9 cp
comp,"comp,unidade,metro,grama,litro,ampola,conjunto,caixa,m3,kg",venlaxin 9 mg com 9 cpr
comp,"comp,unidade,litro,metro,grama,caixa,ampola,conjunto,cilindro,rolo",loratadina 9 mg comprimidos
comp,"comp,ampola,unidade,grama,kg,metro,kit,caixa,frasco,litro",carbamazepina 9 mg cpr brainfarma 
comp,"comp,unidade,grama,litro,caixa,metro,galao,m3,conjunto,frasco",santiazepam 9 mg diazepam cpr
comp,"comp,metro,grama,caixa,litro,unidade,conjunto,m3,ampola,cilindro",ciprofloxacino 9 mg c 9 comp
comp,"caixa,comp,unidade,litro,ampola,frasco,grama,metro,conjunto,rolo", levomepromazina 9 mg comp cristalia lote 9
comp,"comp,unidade,litro,metro,grama,caixa,cilindro,frasco,kg,kit",atenolol 9 mg cx 9 cps  gen
comp,"comp,unidade,grama,litro,ampola,metro,caixa,conjunto,cilindro,kg",espironolactona 9 mg c 9 comp  hip hipolabor hosp  
comp,"comp,ampola,grama,unidade,caixa,litro,frasco,metro,conjunto,kg",decnazol 9 mg c 9 comp pharla pharlab hosp 
comp,"comp,litro,ampola,metro,unidade,grama,conjunto,caixa,frasco,kg",diosmin 9 mg cx 9 comp
comp,"comp,litro,unidade,grama,ampola,metro,conjunto,frasco,caixa,kg",legalon 9 mg cx 9 cap
comp,"comp,grama,unidade,frasco,caixa,kg,ampola,metro,litro,m3",cetoconazol 9 mg comp prati donaduzzi 
comp,"comp,litro,grama,unidade,metro,conjunto,m3,ampola,caixa,frasco",norfloxacino 9 mg cpr
comp,"comp,grama,kg,ampola,frasco,caixa,unidade,m3,kit,metro",cimetidina 9 mg comp prati donaduzzi 
comp,"comp,grama,unidade,m3,metro,caixa,kg,cilindro,ampola,litro",carbamazepina 9 mg 9 cp c 9 
comp,"comp,unidade,metro,grama,litro,frasco,caixa,ampola,conjunto,kg",amoxacilina 9 mg c 9 comp
comp,"comp,unidade,ampola,grama,litro,caixa,frasco,metro,m3,conjunto", haloperidol 9 mg comp cristalia halo lote 9 
comp,"comp,grama,unidade,frasco,metro,litro,caixa,ampola,conjunto,kg",metronidazol 9 mg c 9 comp imposto ibpt nacional 9 
comp,"comp,unidade,litro,grama,metro,frasco,conjunto,caixa,ampola,kg",engov c 9 x 9 cpr
comp,"comp,litro,grama,unidade,frasco,ampola,metro,conjunto,caixa,rolo",metformina 9 mg 9 cp
comp,"comp,grama,unidade,metro,ampola,frasco,litro,kg,m3,kit",diazepam 9 mg 9 cp b 9 
comp,"comp,grama,unidade,metro,ampola,frasco,litro,kg,m3,kit",diazepam 9 mg 9 cp b 9 
comp,"comp,unidade,litro,metro,grama,caixa,conjunto,frasco,ampola,kg",levonorg etinilest 9 caps
comp,"comp,litro,grama,unidade,frasco,metro,conjunto,ampola,caixa,rolo",metformina 9 mg cpr
comp,"comp,frasco,litro,grama,unidade,ampola,metro,kit,caixa,kg",ibuprofeno 9 mg cpr teuto hospitalar 
comp,"comp,unidade,litro,metro,grama,frasco,kg,caixa,ampola,conjunto",halo 9 mg 9 cpr
comp,"comp,unidade,litro,metro,grama,caixa,conjunto,cilindro,kit,ampola",prednisona 9 mg comprimidos
comp,"comp,frasco,grama,unidade,metro,conjunto,ampola,caixa,litro,kg",propark 9 mg c 9 comp uniao quimica uniao quimica 
comp,"comp,unidade,grama,metro,litro,caixa,frasco,conjunto,rolo,kit",prometazina 9 mg comp teuto 
comp,"litro,ampola,comp,kg,unidade,grama,metro,caixa,kit,galao",diazepan 9 mg cx 9 comp b 9 santisa
comp,"comp,litro,grama,unidade,frasco,conjunto,caixa,ampola,metro,kg",captopril 9 mg 9 cp
comp,"comp,grama,frasco,unidade,ampola,kg,metro,litro,caixa,kit",cefalexina 9 mg c 9 cpr teuto teuto 
comp,"comp,litro,unidade,frasco,grama,conjunto,metro,ampola,m3,caixa",propranolol 9 mg 9 cp
comp,"comp,unidade,litro,grama,conjunto,metro,ampola,frasco,m3,caixa",janumet 9/9 mg 9 cpr
comp,"comp,unidade,litro,metro,grama,caixa,conjunto,frasco,ampola,kg",levonorg etinilest 9 caps
comp,"comp,unidade,caixa,grama,litro,metro,m3,ampola,conjunto,galao",fluoxetina 9 mg cx 9 caps g c 9
comp,"comp,litro,unidade,frasco,grama,ampola,caixa,metro,conjunto,rolo",azitromicina azitrophar 9 mg comp  pharlab
comp,"comp,frasco,grama,unidade,metro,litro,rolo,kg,caixa,ampola",gamax com 9 cpr
comp,"comp,unidade,litro,metro,grama,conjunto,ampola,frasco,caixa,kg",reuquinol 9 mg com 9 cpr
comp,"comp,ampola,grama,metro,unidade,kit,litro,caixa,galao,kg",finasterida 9 mg c 9 comp germed 
comp,"caixa,comp,litro,unidade,ampola,frasco,grama,conjunto,metro,rolo", haloperidol 9 mg comp cristalia halo lote 9
comp,"comp,grama,unidade,litro,conjunto,metro,galao,caixa,ampola,m3",cabergolina 9 mg ct 9 fr c  9 cp
comp,"comp,unidade,metro,litro,grama,caixa,ampola,conjunto,cilindro,kg",albendazol 9 mg c 9 cpr gen
comp,"comp,unidade,litro,grama,frasco,conjunto,ampola,caixa,m3,metro",amiodarona 9 mg 9 cp
comp,"comp,litro,unidade,grama,conjunto,metro,frasco,ampola,caixa,rolo",alprazolam 9 mg cprs
comp,"comp,litro,unidade,grama,frasco,metro,ampola,caixa,conjunto,rolo",sulfametoxazol trimetoprima 9/9 mg cx 9 cpr
comp,"comp,grama,frasco,ampola,kg,kit,unidade,m3,metro,conjunto",cimetidina 9 mg cpr g 
comp,"comp,grama,frasco,ampola,caixa,unidade,litro,metro,rolo,kg",prednisona 9 mg c 9 comp  sanval sanval 
comp,"comp,unidade,metro,litro,grama,caixa,cilindro,ampola,conjunto,m3",anlodipina 9 mg amlodil cpr
comp,"comp,frasco,grama,unidade,metro,litro,rolo,kg,caixa,ampola",gamax com 9 cpr
comp,"comp,unidade,grama,litro,frasco,metro,ampola,kg,caixa,kit",baclofeno 9 mg c 9 comp teuto teuto 
comp,"comp,litro,unidade,grama,conjunto,ampola,caixa,metro,m3,frasco",ranitidina 9 mg 9 cp
comp,"comp,m3,unidade,metro,caixa,grama,ampola,kg,litro,cilindro",alivium 9 ts 9 mg c 9 comp 
comp,"comp,unidade,grama,frasco,litro,ampola,metro,caixa,conjunto,kit",azitromicina 9 mg c 9 comp medquimica medquimica 
comp,"comp,litro,grama,unidade,frasco,ampola,metro,conjunto,caixa,rolo",metformina 9 mg 9 cp
comp,"grama,comp,frasco,unidade,caixa,conjunto,metro,kg,ampola,m3",carbonato litio 9 mg c 9 g cx 9 comp hipolabor mg 
comp,"comp,unidade,metro,grama,m3,caixa,litro,kg,ampola,cilindro",alprazolam 9 mg 9 cpr g b 9 
comp,"comp,unidade,grama,m3,metro,cilindro,caixa,litro,kg,kit",amitriptilina 9 mg 9 cp c 9 
comp,"comp,litro,metro,unidade,grama,ampola,conjunto,frasco,caixa,kg",sulfa tri 9 mg 9 mg 9 cp
comp,"comp,unidade,grama,m3,metro,cilindro,caixa,litro,kg,kit",amitriptilina 9 mg 9 cp c 9 
comp,"litro,grama,comp,frasco,ampola,unidade,metro,caixa,rolo,galao",sinvastatina sinvaston 9 mg comp sanval
comp,"comp,litro,unidade,grama,frasco,metro,conjunto,ampola,caixa,rolo",metildopa 9 mg cpr
comp,"comp,litro,grama,unidade,frasco,ampola,caixa,metro,conjunto,kg",gardenal 9 mg 9 cp
comp,"comp,grama,frasco,metro,unidade,kit,m3,ampola,caixa,litro",biperideno 9 mg 9 cp c 9 
comp,"litro,comp,unidade,grama,metro,ampola,caixa,conjunto,frasco,kit",hidroxicloroquina 9 mg prednisona 9 mg 9 c psulas
comp,"comp,metro,litro,grama,unidade,ampola,caixa,conjunto,kg,cilindro",sulfato ferroso 9 mg c 9 comp
comp,"comp,grama,unidade,ampola,frasco,caixa,metro,litro,conjunto,kg",doxazosina 9 mg c 9 comp imposto ibpt nacional 9 
comp,"comp,grama,frasco,unidade,ampola,litro,metro,caixa,conjunto,kg",metildopa 9 mg c 9 comp imposto ibpt nacional 9 
comp,"comp,unidade,grama,metro,litro,caixa,kg,ampola,frasco,kit",atenolol 9 mg cx 9 comp  vitamedic 
comp,"comp,litro,metro,unidade,ampola,grama,conjunto,caixa,rolo,frasco",fluoxetina 9 mg 9 caps
comp,"comp,ampola,unidade,kit,grama,metro,litro,caixa,kg,galao",nitrofurantoina 9 mg cx 9 caps gen 
comp,"comp,unidade,grama,litro,metro,caixa,cilindro,frasco,conjunto,rolo",metronidazol 9 mg comp gen
comp,"comp,unidade,litro,metro,grama,conjunto,rolo,caixa,galao,kg",vitergyl c 9 g c 9 comp eferv
comp,"comp,grama,unidade,metro,ampola,frasco,m3,litro,conjunto,caixa",meclin 9 mg c 9 comp 
comp,"comp,grama,litro,unidade,metro,conjunto,ampola,caixa,galao,frasco",dorene 9 mg cps 9 x 9 c 9 etico pn
comp,"comp,grama,metro,unidade,litro,caixa,conjunto,kg,frasco,ampola",cefalexina 9 mg comp gen
comp,"comp,unidade,litro,grama,metro,frasco,caixa,kit,kg,conjunto",ampicilina 9 mg caps gen
comp,"comp,grama,litro,conjunto,frasco,ampola,caixa,unidade,metro,kg",carbamazepina 9 mg cx 9 comp c 9 uniao quimica
comp,"comp,ampola,frasco,grama,litro,unidade,metro,conjunto,caixa,kit",dipirona 9 mg c 9 comp greenpharma greenpharma 
comp,"comp,grama,frasco,kg,ampola,unidade,caixa,metro,m3,litro",nimesulida 9 mg cx 9 comp  vitamedic 
comp,"comp,grama,frasco,ampola,caixa,unidade,litro,metro,conjunto,m3",amitriptilina 9 mg via oral cpr brainfarma 
comp,"comp,frasco,grama,unidade,metro,ampola,caixa,litro,conjunto,m3",paroxetina 9 mg c 9 cx  9 comp aurobindo pharma 
comp,"frasco,comp,grama,ampola,unidade,metro,rolo,caixa,litro,m3",permanganato de potassio 9 mg cmp mario 
comp,"comp,frasco,grama,metro,unidade,ampola,litro,kg,kit,caixa",bromazepam 9 mg cprs b 9 gen teuto go 
comp,"comp,unidade,litro,caixa,conjunto,metro,grama,m3,galao,ampola",baclofeno 9 mg c 9 comp lote 9
comp,"comp,unidade,grama,litro,metro,frasco,caixa,conjunto,rolo,galao",paracetamol 9 mg tylalgin cpr
comp,"metro,unidade,comp,ampola,grama,kg,caixa,litro,frasco,galao",sulfato ferroso 9 ng comp  lt 9 f 9 m
comp,"comp,unidade,grama,litro,metro,caixa,cilindro,frasco,conjunto,rolo",metronidazol 9 mg comp gen
comp,"grama,kg,comp,metro,unidade,litro,caixa,frasco,ampola,kit",metildopa 9 mg cx 9 comp g
comp,"comp,unidade,litro,grama,conjunto,frasco,metro,ampola,m3,caixa",acido folico 9 mg 9 cp
comp,"comp,grama,metro,ampola,litro,frasco,caixa,unidade,kg,rolo",tensioval 9 mg c 9 comp san sanval hosp 
comp,"comp,grama,unidade,metro,ampola,frasco,litro,kg,m3,kit",diazepam 9 mg 9 cp b 9 
comp,"comp,metro,grama,litro,ampola,unidade,frasco,conjunto,caixa,kg",furosemida 9 mg c 9 comp
comp,"comp,litro,unidade,grama,conjunto,ampola,caixa,metro,m3,frasco",ranitidina 9 mg 9 cp
comp,"comp,litro,unidade,grama,metro,conjunto,rolo,caixa,kit,galao",9 haloperidol 9 mg comprimido
comp,"ampola,metro,comp,grama,litro,conjunto,kit,caixa,unidade,kg",furosemida de 9 mg comp lt 9 f 9 a
comp,"comp,unidade,litro,grama,conjunto,frasco,metro,ampola,m3,caixa",acido folico 9 mg 9 cp
comp,"unidade,litro,grama,comp,caixa,conjunto,galao,metro,m3,ampola",espironolactona 9 mg comp  lt 9
comp,"grama,unidade,comp,conjunto,litro,ampola,kg,metro,m3,caixa",halo 9 mg haloperidol 9 cpr c 9 
comp,"comp,litro,grama,unidade,ampola,conjunto,metro,m3,caixa,frasco",nimesulida 9 mg cpr
comp,"comp,grama,litro,unidade,conjunto,frasco,caixa,metro,ampola,rolo",captopril 9 mg cpr
comp,"comp,frasco,grama,caixa,ampola,litro,unidade,metro,conjunto,rolo",carbamazepina 9 mg c 9 cx 9 comp  teuto 
comp,"comp,unidade,litro,metro,grama,conjunto,frasco,ampola,caixa,kg",artrosil 9 mg c 9 caps
comp,"comp,unidade,litro,frasco,grama,m3,caixa,conjunto,metro,ampola",atroveran comp 9 x 9
comp,"comp,grama,litro,unidade,conjunto,frasco,caixa,metro,ampola,rolo",captopril 9 mg cpr
comp,"comp,litro,unidade,ampola,grama,conjunto,metro,galao,caixa,kg",dipirona sodica 9 mg comp  hosp
conjunto,"grama,frasco,litro,unidade,comp,caixa,metro,kg,ampola,rolo",coloracao panotico rapido conj  9 x 9 ml
conjunto,"conjunto,grama,m3,caixa,metro,unidade,litro,ampola,galao,kg",jg lona freio diant tras vw 9 9 9
conjunto,"comp,grama,frasco,unidade,ampola,caixa,metro,conjunto,litro,kg",coloracao panotico rapido conj lote 9 validade 
conjunto,"conjunto,litro,comp,grama,metro,frasco,unidade,rolo,ampola,caixa",jg pastilha freio
conjunto,"conjunto,metro,comp,litro,grama,unidade,kit,caixa,rolo,m3",jg pastilha freio dianteiro
conjunto,"conjunto,litro,grama,unidade,galao,metro,kit,caixa,rolo,comp",jogo de pastilhas do freio diant
conjunto,"conjunto,litro,comp,grama,frasco,caixa,metro,ampola,unidade,rolo",conjunto para circulacao extracorporea neonato
conjunto,"conjunto,litro,comp,grama,metro,frasco,unidade,rolo,ampola,caixa",jg pastilha freio
conjunto,"conjunto,grama,ampola,litro,kg,caixa,metro,comp,galao,rolo",conjunto de caminh o tipo ca amba
conjunto,"unidade,litro,caixa,comp,grama,metro,conjunto,m3,galao,ampola",alavanca seldin jogo adulto c 9
conjunto,"litro,conjunto,grama,comp,unidade,rolo,kit,galao,metro,ampola",filtro cj cabine carvao ativado
conjunto,"conjunto,litro,comp,grama,metro,frasco,unidade,rolo,ampola,caixa",jg junta completo
conjunto,"conjunto,litro,grama,unidade,ampola,galao,rolo,comp,metro,caixa",conj pagao para maternidade  9 par de sapato  9 par de luvas  9 pano de chupeta e 9 lencol de xixi  9 algodao
conjunto,"comp,unidade,grama,litro,metro,conjunto,frasco,caixa,rolo,ampola",cj potes de vidro 9 pcs
conjunto,"grama,frasco,litro,unidade,comp,caixa,metro,kg,ampola,rolo",coloracao panotico rapido conj  9 x 9 ml
conjunto,"comp,grama,frasco,metro,caixa,kg,unidade,litro,ampola,rolo",jg reparo pinca
conjunto,"conjunto,grama,m3,caixa,unidade,galao,kg,ampola,litro,rolo",cj  9 inter paralelo 9 a 9 v pl br prm 9 tributos incidentes 9 r 9 fonte ibpt prm 9
conjunto,"conjunto,litro,grama,unidade,comp,metro,kit,galao,rolo,caixa",jogo de cabo de vela de ignicao
conjunto,"conjunto,metro,litro,comp,grama,unidade,kit,caixa,rolo,cilindro",jg pastilha freio traseiro
conjunto,"conjunto,litro,metro,grama,unidade,comp,frasco,caixa,kit,rolo",jogo junta superior c ret
conjunto,"conjunto,litro,caixa,grama,comp,kg,unidade,metro,ampola,kit",oring grosso jg 9 unid fiat palio stillo gm zafira
conjunto,"conjunto,unidade,grama,litro,comp,kit,galao,metro,rolo,frasco",jogo de juntas parcial do motor
conjunto,"litro,comp,unidade,conjunto,grama,frasco,m3,caixa,metro,ampola",raio jg trazeiro 9
conjunto,"conjunto,grama,kit,litro,galao,unidade,comp,caixa,kg,metro",jg de junta do motor do zafira
conjunto,"conjunto,litro,comp,grama,metro,frasco,unidade,rolo,ampola,caixa",jg pastilha freio
conjunto,"m3,conjunto,unidade,grama,caixa,litro,metro,kg,comp,rolo",jg lona d t 9/9 dm 9 dna 9 9 9
conjunto,"caixa,unidade,grama,conjunto,litro,metro,m3,comp,kg,frasco",conj poa 9 pcs tw 9 9/9
frasco,"comp,frasco,grama,ampola,litro,unidade,caixa,metro,kg,kit",ipratropio gotas 9 mg ml g fr 9 ml prati 
frasco,"litro,comp,unidade,grama,metro,conjunto,caixa,kg,frasco,ampola",annita 9 mg sus fr 9 ml
frasco,"litro,unidade,comp,grama,metro,conjunto,caixa,kg,rolo,galao",addera d 9 sol or fr gts 9 ml
frasco,"frasco,grama,unidade,comp,caixa,m3,litro,ampola,metro,conjunto",paracetamol 9 mg fr c 9 ml             lote g 9
frasco,"comp,frasco,grama,unidade,litro,metro,ampola,caixa,conjunto,rolo",metilprednisolona 9 mg f a dil 9 ml unimedrol 
frasco,"litro,comp,metro,ampola,grama,frasco,unidade,caixa,kg,rolo",tenoxicam 9 mg f a uniao quimica tefla
frasco,"frasco,comp,ampola,grama,unidade,metro,caixa,kg,litro,kit",dipirona sodica 9 mg f a 9 ml farmace 
frasco,"comp,metro,grama,kg,caixa,kit,litro,unidade,ampola,conjunto",glicose 9 f a 9 ml isofarma 
frasco,"unidade,comp,frasco,grama,litro,metro,ampola,kg,caixa,galao",metilergometrina 9 mg f a 9 ml uniao qu
frasco,"litro,comp,grama,kit,unidade,conjunto,metro,kg,galao,caixa",bio latex fr completo quibasa
frasco,"comp,grama,frasco,caixa,ampola,unidade,litro,conjunto,metro,m3",carbamazepina 9 c 9 fr 9 ml uniao quimica 
frasco,"comp,grama,metro,unidade,ampola,conjunto,litro,galao,m3,kit",meropenem 9 g c 9 fa generico abl antibioticos do bras 
frasco,"grama,litro,comp,caixa,frasco,ampola,unidade,rolo,metro,conjunto",cefalexina 9 ml ml po o  susp oral fr 9 ml
frasco,"unidade,metro,conjunto,litro,galao,comp,grama,ampola,rolo,caixa", actilyse 9 mg cx 9 f a dil 9 ml canu alteplase boehringer
frasco,"comp,unidade,frasco,grama,litro,conjunto,metro,ampola,caixa,kg",agua bidestilada f a 9 ml isofarma lt a 9 c 9 vl 
frasco,"comp,grama,unidade,frasco,ampola,caixa,metro,m3,litro,conjunto",penicilina 9 f a c 9 inj imposto ibpt nacional 9 
frasco,"frasco,grama,comp,litro,metro,caixa,unidade,ampola,rolo,conjunto",ceftriaxona amplospec 9 g f a biochimico
frasco,"frasco,grama,comp,unidade,litro,ampola,conjunto,metro,caixa,m3",omeprazol 9 mg 9 ml dil  cx 9 f a  blausiegel 
frasco,"unidade,litro,comp,grama,frasco,metro,caixa,galao,kg,ampola",ambroxol xarope 9 ml 9 ml cx 9 fr 9 ml
frasco,"comp,ampola,grama,metro,unidade,litro,caixa,kg,kit,galao",vitamina c 9 mg f a 9 ml farmace 
frasco,"comp,litro,ampola,caixa,grama,metro,kg,frasco,unidade,conjunto",fr latex 9 ml marca biotecnica lote 9 h 9 a
frasco,"comp,ampola,unidade,grama,metro,kg,kit,frasco,caixa,galao",agua bidestilada f a 9 ml isofarma 
frasco,"comp,caixa,ampola,metro,grama,litro,kg,kit,unidade,conjunto",lidocaina 9 s v cx c 9 f a
frasco,"unidade,comp,frasco,grama,metro,litro,caixa,kg,ampola,kit",omeprazol 9 mg c 9 fr c dil oprazon 
frasco,"litro,comp,unidade,grama,conjunto,caixa,metro,ampola,frasco,rolo",duovent aer fr 9 ml
frasco,"comp,ampola,litro,metro,conjunto,unidade,grama,caixa,frasco,kg",teicoplanina 9 mg koplan cx 9 f a dil novafarma
frasco,"comp,unidade,grama,metro,caixa,cilindro,litro,m3,ampola,kg",amoxacilina 9 mg susp fr 9 ml imposto ibpt nacional 9 
frasco,"litro,unidade,comp,conjunto,grama,caixa,frasco,ampola,metro,rolo", clor cefepima 9 g po p sol inj cx 9 f cefepima  cloridrato aurobindo
frasco,"frasco,comp,ampola,grama,unidade,metro,caixa,kg,litro,kit",dipirona sodica 9 mg f a 9 ml farmace 
frasco,"comp,frasco,grama,ampola,unidade,metro,caixa,litro,kg,rolo",azitromicina 9 mg susp  fr 9 ml pharlab 
frasco,"grama,comp,metro,kg,conjunto,ampola,m3,unidade,litro,rolo",compexo b liquido  fr 9 ml medqu 
frasco,"comp,ampola,unidade,grama,metro,kg,kit,frasco,caixa,galao",agua bidestilada f a 9 ml isofarma 
galao,"m3,litro,conjunto,grama,caixa,unidade,galao,ampola,comp,kg",dialine esm  platina gl gl 9 x 9
galao,"litro,unidade,comp,grama,kit,galao,conjunto,kg,caixa,metro",dialine esmalt gl branco neve
galao,"unidade,caixa,litro,m3,grama,comp,metro,cilindro,conjunto,kit",pinta piso azul gl gl 9 x 9
galao,"metro,comp,litro,frasco,ampola,kit,caixa,kg,rolo,unidade",thinner galao
galao,"litro,galao,grama,comp,conjunto,unidade,ampola,metro,kit,caixa",esm sint gl vermelho hidrotintas
galao,"litro,unidade,comp,metro,ampola,galao,grama,kit,frasco,caixa",esm sint gl azul del rey hidrotintas
galao,"litro,conjunto,comp,grama,galao,unidade,metro,rolo,kit,ampola",esm sint gl marrom conhaque hidro
galao,"comp,litro,galao,unidade,grama,metro,ampola,caixa,kg,conjunto",esmalte extralux galao azul franca
grama,"comp,grama,frasco,ampola,litro,metro,caixa,unidade,rolo,conjunto",dexametasona 9 creme bisn 9 gr  multilab 
grama,"comp,grama,frasco,unidade,caixa,ampola,metro,litro,kg,m3",acrysof sa 9 at 9 g ms 9 lote 9 val 9 9 
grama,"grama,comp,ampola,kg,unidade,litro,metro,kit,caixa,conjunto",cetoconazol dip betamet pom 9 g g 
grama,"litro,conjunto,unidade,metro,grama,comp,rolo,ampola,kit,galao",tnt pp 9 g 9 x 9 cores variadas
grama,"grama,litro,comp,unidade,caixa,ampola,galao,metro,conjunto,rolo",nistatina creme vag 9 ui g 9 g gen
grama,"litro,grama,frasco,unidade,comp,metro,ampola,conjunto,caixa,rolo",doce de leite pastoso sem corantes embal  c 9 gr marca triangulo
grama,"grama,kg,comp,unidade,litro,metro,m3,kit,caixa,galao",estriol creme vaginal 9 mg 9 g
grama,"grama,frasco,caixa,comp,ampola,unidade,metro,litro,m3,rolo",dexametasona 9 mgg bis 9 g dt validade 9
grama,"kg,grama,comp,m3,caixa,litro,metro,cilindro,unidade,ampola",caldo arisco galinha 9 x 9 g
grama,"grama,litro,ampola,comp,caixa,frasco,conjunto,unidade,rolo,metro",cefalotina sodica 9 g 9 fa ceflen fab  agila
grama,"comp,grama,kg,litro,ampola,metro,m3,unidade,conjunto,caixa",trinulox cr derm c 9 g
grama,"grama,comp,litro,caixa,unidade,kg,conjunto,metro,ampola,frasco",ceftriaxona 9 g iv
grama,"grama,kg,metro,comp,litro,unidade,ampola,frasco,m3,caixa",sabao em po 9 g fd 9 x 9 g
grama,"grama,comp,kg,ampola,litro,caixa,unidade,m3,metro,frasco",vaselina pomada 9 g
grama,"grama,kg,comp,litro,m3,ampola,caixa,conjunto,frasco,metro",cafe nordestino 9 g
grama,"comp,grama,frasco,unidade,caixa,ampola,metro,litro,kg,m3",acrysof sa 9 at 9 g ms 9 lote 9 val 9 9 
grama,"frasco,ampola,grama,comp,metro,caixa,unidade,kg,litro,kit",lidocaina a 9 geleia 9 g c 9 labcaina 
grama,"grama,litro,comp,ampola,kg,unidade,galao,kit,metro,conjunto",neomicina bacit pom nebactrina 9 gr
grama,"comp,grama,frasco,unidade,caixa,ampola,metro,litro,kg,m3",acrysof sa 9 at 9 g ms 9 lote 9 val 9 9 
grama,"litro,unidade,grama,comp,metro,galao,rolo,conjunto,ampola,frasco",papel a 9 copimax branco 9 g 9 fls
grama,"comp,grama,ampola,caixa,frasco,unidade,metro,litro,m3,kg",neomicina bacitracina pomada 9 g lote 9/9 
grama,"grama,frasco,kg,ampola,metro,unidade,m3,litro,comp,caixa",proteina texturizada de soja supresoy carne 9 g
grama,"comp,unidade,grama,litro,metro,frasco,conjunto,caixa,rolo,ampola",ampicilina 9 g c 9 gen
grama,"grama,comp,ampola,metro,unidade,litro,conjunto,galao,m3,caixa",metronidazol 9 mg gel vag apl 9 g imposto ibpt nacional 9 
grama,"grama,kg,comp,litro,unidade,m3,galao,metro,caixa,ampola",nistatina creme vag  aplic  9 g
grama,"grama,kg,comp,unidade,metro,m3,litro,galao,caixa,ampola",metronidazol gel vaginal 9 mg g
grama,"kg,grama,kit,litro,ampola,galao,metro,comp,conjunto,unidade",bisc  c  cracker vitarella trad 9 g
grama,"comp,unidade,grama,litro,metro,conjunto,frasco,ampola,caixa,kg",algodao hidrofilo 9 gr
grama,"comp,grama,litro,ampola,unidade,conjunto,galao,caixa,m3,metro",nistatina creme vaginal 9 g hosp 
grama,"grama,kg,unidade,metro,comp,litro,frasco,caixa,conjunto,m3",pao tipo hot dog pct 9 g
grama,"m3,grama,caixa,unidade,comp,kg,conjunto,litro,metro,cilindro",creme de leite italac 9 g c 9
grama,"unidade,comp,grama,litro,metro,conjunto,caixa,frasco,rolo,kit",margarina produzida excl  de gordura vegetal adicao de sal com gordura trans embal  c 9 gr marca deline
grama,"grama,kg,m3,comp,unidade,litro,caixa,kit,metro,galao",neomicina bacitracina pom  9 g
grama,"unidade,comp,litro,grama,metro,conjunto,frasco,m3,ampola,caixa",babymed rosa 9 g cimed
grama,"metro,unidade,comp,grama,litro,ampola,frasco,galao,caixa,rolo",papel oficio a 9 9 x 9 9 g copimax
grama,"grama,kg,m3,litro,unidade,galao,caixa,conjunto,comp,kit",sab o em p guarani sach 9 x 9 g
grama,"grama,kg,comp,litro,caixa,unidade,m3,metro,cilindro,ampola",macarrao tipo espaquete 9 g
grama,"grama,kg,litro,galao,unidade,m3,caixa,kit,ampola,comp",milho verde predilecta lata 9 g
grama,"litro,grama,comp,ampola,unidade,conjunto,metro,galao,rolo,caixa",nistanina creme vaginal 9 g teuto
grama,"grama,kg,unidade,litro,comp,ampola,metro,galao,caixa,frasco",pastilha sanitaria tri d lavanda 9 g
grama,"kg,grama,caixa,litro,comp,ampola,metro,unidade,conjunto,frasco",colorifico dona clara 9 g
grama,"comp,grama,litro,unidade,frasco,metro,conjunto,ampola,caixa,kg",molho de alho 9 gr
grama,"grama,kg,comp,m3,caixa,metro,cilindro,ampola,litro,unidade",miconazol 9 mg g cr  vag 9 g
grama,"grama,kg,conjunto,caixa,metro,comp,frasco,unidade,litro,ampola",coco ralado mais coco 9 g
grama,"grama,comp,metro,litro,unidade,kit,conjunto,kg,caixa,m3",bombom sortidos garoto 9 gr
grama,"grama,unidade,comp,litro,metro,kit,frasco,conjunto,kg,caixa",bolacha crean ckacer 9 gr
grama,"unidade,grama,comp,frasco,litro,metro,kg,caixa,galao,ampola",marreta oitavada 9 g forjada ref 9/9
grama,"comp,grama,metro,litro,kg,frasco,unidade,ampola,caixa,m3",reparil gel 9 gr
grama,"grama,unidade,comp,m3,kg,litro,metro,frasco,ampola,caixa",papel copimax a 9 9 g
grama,"kg,grama,caixa,m3,ampola,comp,frasco,metro,unidade,rolo",coentro acond  g
grama,"grama,comp,unidade,litro,frasco,conjunto,metro,ampola,kg,caixa",cetoconazol creme 9 gr
grama,"caixa,litro,grama,ampola,unidade,metro,comp,galao,kit,conjunto",kollagenase c cloraf bisn 9 g cx 9
grama,"litro,grama,comp,unidade,caixa,conjunto,galao,ampola,metro,kg",algodao hidrofilo 9 g nathalya
grama,"grama,unidade,litro,galao,comp,kit,metro,kg,conjunto,m3",leite em po italac int 9 x 9 gr
grama,"unidade,comp,litro,frasco,grama,metro,kg,ampola,kit,galao",caldo de carne galinha 9 x 9 gr knnor
grama,"litro,comp,grama,unidade,ampola,metro,frasco,caixa,kit,kg",neomicina bacitracina 9 g sobral neo
grama,"grama,comp,unidade,kg,litro,frasco,m3,metro,ampola,caixa",achocolatado em po 9 g
grama,"comp,grama,unidade,litro,metro,kg,conjunto,caixa,rolo,ampola",cetoconazol creme 9 g sobral 
grama,"comp,grama,frasco,unidade,caixa,ampola,kg,metro,litro,m3",cha de erva doce cx  c 9 saquinhos 9 gr 
grama,"frasco,unidade,grama,caixa,comp,kg,ampola,metro,m3,litro",cefazolina sodica 9 g po liof inj cx 9
grama,"grama,kg,comp,metro,litro,unidade,ampola,frasco,m3,caixa",leite em po italac 9 g
grama,"grama,comp,unidade,litro,kg,metro,caixa,conjunto,kit,ampola",caldo carne caixa c  9 9 gr
grama,"frasco,ampola,grama,comp,metro,caixa,unidade,kg,litro,kit",lidocaina a 9 geleia 9 g c 9 labcaina 
grama,"grama,comp,litro,kit,unidade,frasco,metro,ampola,conjunto,kg",biscoito doce maria 9 gr
grama,"grama,comp,kg,metro,caixa,unidade,m3,cilindro,litro,ampola",metronidazol gel vag 9 mg g
grama,"comp,ampola,grama,frasco,litro,unidade,caixa,conjunto,metro,m3",hidrocortisona 9 mg creme 9 g uniao quimica 
grama,"grama,comp,kg,metro,unidade,m3,litro,cilindro,caixa,kit",metronidazol cvg 9 mg 9 g 9 g
grama,"kg,grama,comp,ampola,metro,m3,caixa,litro,unidade,frasco",efurix creme 9 g
grama,"grama,kg,metro,comp,litro,unidade,ampola,caixa,m3,conjunto",flocao sao braz 9 x 9 g
grama,"litro,comp,grama,metro,unidade,kg,caixa,m3,conjunto,cilindro",nebaciderme 9 g pomada mult
grama,"comp,grama,frasco,ampola,unidade,metro,caixa,litro,m3,kg",sulfadiazina de prata 9 mg g cr 9 g gen 
grama,"grama,kg,comp,metro,litro,m3,unidade,frasco,ampola,conjunto",cafe sb ef alm 9 x 9 g
grama,"unidade,litro,comp,metro,grama,galao,kg,frasco,caixa,ampola",sabao em po 9 g c 9 und mr marilux
grama,"litro,grama,frasco,unidade,comp,metro,ampola,conjunto,caixa,rolo",doce de leite pastoso sem corante embal  c  9 gr marca triangulo
grama,"grama,kg,ampola,litro,galao,metro,unidade,conjunto,caixa,comp",almondegas ao molho de tomate 9 g
grama,"kg,grama,comp,ampola,m3,litro,metro,caixa,unidade,frasco",diprosone cre 9 g
grama,"unidade,frasco,grama,comp,caixa,litro,metro,kg,ampola,m3",metronidazol 9 mg g gel vaginal 9 bg 9
grama,"grama,kg,comp,litro,m3,metro,ampola,unidade,frasco,conjunto",cafe santa clara 9 g
grama,"comp,grama,unidade,caixa,frasco,litro,conjunto,metro,m3,ampola",ceftriaxona 9 g f a cx 9
grama,"comp,grama,metro,galao,litro,ampola,unidade,conjunto,caixa,kit",esmal sintetico 9 g hidrotintas 
grama,"grama,kg,unidade,comp,litro,metro,caixa,frasco,conjunto,m3",caldo de galinha 9 x 9 g
grama,"comp,grama,unidade,frasco,litro,ampola,caixa,metro,conjunto,rolo",papel filipaper casca de ovo branco 9 g  fl 
grama,"comp,grama,unidade,kit,caixa,litro,ampola,metro,conjunto,frasco",lidocaina gel 9 9 g hipolabor 
grama,"unidade,frasco,caixa,grama,comp,kg,litro,metro,ampola,m3",ceftriaxona 9 g po sol inj im iv cx 9
grama,"litro,unidade,grama,comp,conjunto,metro,galao,rolo,kit,caixa",9 cola branca fix 9 g polycart
grama,"unidade,grama,frasco,comp,metro,litro,caixa,m3,conjunto,rolo",papel oficio 9 g m 9 p 9
grama,"comp,grama,frasco,unidade,caixa,ampola,metro,litro,kg,m3",acrysof sa 9 at 9 g ms 9 lote 9 val 9 9 
grama,"grama,comp,kg,unidade,litro,m3,metro,ampola,caixa,frasco",balsamo bengue gel 9 g
grama,"comp,grama,unidade,metro,galao,litro,conjunto,ampola,caixa,m3",metronidazol 9 mg gel vag apl bisn 9 gr prati donaduzzi 
grama,"grama,kg,litro,ampola,metro,kit,comp,unidade,galao,caixa",leite em po integral italac 9 x 9 g
grama,"kg,grama,comp,metro,frasco,ampola,unidade,litro,caixa,galao",metronidazol gel ginecologico 9 mg 9 g
grama,"grama,comp,litro,kg,metro,unidade,frasco,ampola,m3,conjunto",extrato de tomate 9 g
grama,"grama,comp,frasco,caixa,ampola,unidade,kg,metro,litro,rolo",cetoconazol creme bisn  9 gr hipolabor mg 
grama,"grama,kg,m3,comp,metro,ampola,litro,unidade,conjunto,caixa",dexa 9 g creme 9 mg g
grama,"litro,comp,metro,unidade,grama,conjunto,ampola,galao,frasco,rolo",flocos de milho 9 g c 9 extramilho
grama,"grama,kg,metro,comp,litro,unidade,ampola,caixa,m3,conjunto",flocao sao braz 9 x 9 g
grama,"comp,litro,unidade,metro,grama,conjunto,caixa,kit,rolo,cilindro",extrato de tomate 9 g quero
grama,"grama,kg,comp,metro,litro,ampola,unidade,m3,caixa,conjunto",floco de milho 9 x 9 g
grama,"comp,frasco,grama,ampola,unidade,metro,litro,kg,caixa,kit",dexametasona creme 9 mg g 9 g sobral 
grama,"grama,kg,comp,metro,litro,unidade,ampola,caixa,frasco,m3",dexametasona 9 creme 9 g
grama,"kg,grama,m3,caixa,metro,comp,ampola,frasco,litro,unidade",clips n 9/9 9 g
grama,"grama,comp,litro,kg,unidade,m3,caixa,metro,ampola,conjunto",sabao em po 9 x 9 g
grama,"kg,grama,comp,m3,caixa,litro,metro,cilindro,unidade,ampola",caldo arisco galinha 9 x 9 g
grama,"grama,comp,unidade,metro,frasco,kg,litro,ampola,caixa,conjunto",neston 9 cereais lt 9 g 
grama,"comp,grama,unidade,litro,metro,frasco,conjunto,ampola,kg,rolo",esperson n pomada 9 gr
grama,"grama,kg,comp,m3,caixa,litro,ampola,unidade,metro,frasco",cafe em po 9 x 9 g
grama,"unidade,frasco,litro,grama,comp,caixa,metro,ampola,kg,rolo",miconazol creme vaginal 9 g prati donad
grama,"unidade,frasco,litro,grama,comp,caixa,metro,ampola,kg,rolo",miconazol creme vaginal 9 g prati donad
grama,"grama,comp,kg,metro,unidade,litro,m3,ampola,kit,caixa",nistatina creme vaginal 9 gr
grama,"litro,comp,unidade,metro,grama,conjunto,frasco,rolo,caixa,ampola",papel a 9 9 9 9 g amarelo
grama,"kg,grama,unidade,m3,frasco,metro,comp,caixa,litro,rolo",papel a 9 9 g
grama,"comp,grama,unidade,frasco,litro,metro,ampola,conjunto,caixa,m3",sais para reidratacao oral  susp  9 g natulab 
grama,"comp,grama,frasco,unidade,caixa,ampola,metro,m3,conjunto,litro",miconazol creme vaginal 9 mg g 9 g c aplicador generico prati donaduzzi 
grama,"unidade,grama,litro,comp,kit,metro,caixa,kg,rolo,conjunto",kolagenase c cloraf pom 9 gr f
grama,"comp,grama,ampola,litro,unidade,conjunto,m3,kg,frasco,metro",hemovirtus pom 9 g 
grama,"grama,unidade,litro,galao,comp,kit,metro,kg,conjunto,m3",leite em po italac int 9 x 9 gr
grama,"unidade,comp,litro,grama,conjunto,metro,caixa,galao,rolo,kit",pratiglos pom 9 gr pratidonad
grama,"comp,unidade,frasco,grama,metro,caixa,ampola,conjunto,litro,kg",algodao em rolo hidrofilo 9 gr marca melhor med 
grama,"metro,grama,comp,unidade,litro,frasco,conjunto,caixa,rolo,ampola", papel a 9 9 g copimax
grama,"grama,comp,metro,unidade,litro,galao,ampola,conjunto,caixa,kit",metronidazol 9 g 9 mg 9 g creme
grama,"grama,kg,m3,litro,unidade,galao,caixa,conjunto,comp,kit",sab o em p guarani sach 9 x 9 g
grama,"grama,unidade,kg,comp,frasco,litro,ampola,metro,caixa,m3",pastilha sanitaria disoflor lavanda 9 g
grama,"grama,kg,frasco,unidade,comp,litro,ampola,metro,caixa,m3",margarina extra cremosa c sal embal 9 g
grama,"grama,comp,kg,litro,frasco,m3,unidade,metro,ampola,conjunto",margarina vegetal 9 g
grama,"kg,grama,metro,litro,unidade,ampola,kit,caixa,comp,frasco",leite em po ninho integral nestle 9 g
grama,"grama,comp,m3,unidade,kg,kit,metro,litro,ampola,caixa",leite em po integral saco 9 g 
grama,"comp,grama,frasco,unidade,caixa,ampola,metro,litro,kg,m3",acrysof sa 9 at 9 g ms 9 lote 9 val 9 9 
grama,"comp,grama,frasco,unidade,caixa,ampola,metro,litro,kg,m3",acrysof sa 9 at 9 g ms 9 lote 9 val 9 9 
grama,"comp,grama,unidade,litro,caixa,cilindro,m3,ampola,conjunto,kit",miconazol creme vaginal 9 g prati donad lt 9 i 9 j vl 
kg,"kg,grama,ampola,litro,kit,metro,caixa,unidade,galao,frasco",cp ii z 9 cimpor uso geral saco 9 kg
kg,"kg,grama,ampola,m3,conjunto,litro,kit,galao,caixa,rolo",cimento elizabeth cp ii z 9 c 9 kg
kg,"kg,grama,metro,litro,unidade,caixa,comp,m3,kit,rolo",glp em botijao de gas de 9 kg
kg,"metro,litro,conjunto,comp,unidade,grama,ampola,caixa,kg,m3",lona 9 x 9 9 kg preta
kg,"kg,grama,litro,conjunto,unidade,ampola,m3,metro,comp,galao",arroz tipo 9 parborizado 9 x 9 kg
kg,"kg,metro,grama,litro,ampola,unidade,comp,conjunto,galao,caixa",torta de caro o de algod o sc 9 kg
kg,"grama,kg,litro,ampola,m3,galao,caixa,kit,metro,unidade",milho verde em conserva com 9 kg
kg,"kg,grama,metro,m3,litro,comp,unidade,kit,conjunto,caixa",feij o carioca bi bom 9 x 9 kg
kg,"kg,grama,litro,metro,comp,m3,kit,caixa,ampola,cilindro",filler textura rustica 9 kg
kg,"grama,kg,litro,comp,ampola,m3,metro,unidade,conjunto,frasco",cal extra massa 9 kg
kg,"unidade,litro,comp,grama,frasco,metro,caixa,kg,ampola,rolo",fecula de mandioca lopes 9 kg qtd  9 un
kg,"litro,metro,comp,unidade,grama,conjunto,caixa,kg,kit,ampola",cola branca 9 kg glinorte
kg,"kg,grama,ampola,litro,kit,metro,caixa,galao,m3,conjunto",cimento ligamax externo eliane 9 kg
kg,"kg,grama,metro,litro,m3,comp,caixa,ampola,kit,unidade",graxa chassis golden 9 9 kg
kg,"kg,grama,comp,metro,ampola,caixa,litro,m3,unidade,frasco",cimento de 9 kgs
kg,"kg,grama,ampola,comp,frasco,kit,metro,unidade,m3,caixa",cimento portlandcomum cp ii 9 sc 9 kg 
kg,"kg,grama,unidade,comp,litro,metro,ampola,frasco,caixa,kit",argamassa colante tipo ac ii  com 9 kg
kg,"kg,m3,grama,kit,metro,caixa,comp,cilindro,ampola,litro",cimento 9 kg
kg,"kg,grama,litro,unidade,comp,metro,caixa,m3,rolo,conjunto",massa acrilica colorplus 9 kg
kg,"kg,grama,comp,metro,litro,caixa,m3,unidade,ampola,rolo",sal campeao 9 kg
kg,"unidade,litro,comp,grama,metro,frasco,conjunto,caixa,rolo,kg",petrol carflex c 9 kg bd
kg,"kg,grama,m3,comp,metro,caixa,litro,conjunto,kit,cilindro",creme de goiaba tambau 9 kg
kg,"kg,grama,litro,unidade,metro,comp,caixa,m3,rolo,kit",massa pva hidracor balde 9 kg
kg,"grama,kg,litro,ampola,comp,metro,m3,conjunto,unidade,caixa",costela congelada kg
kg,"comp,litro,unidade,caixa,metro,grama,kit,conjunto,ampola,cilindro",liex mix 9 kg detergente em p p  lavagem de tecidos
kg,"kg,grama,comp,litro,caixa,ampola,m3,metro,unidade,conjunto",cal supercal 9 kg
kg,"kg,grama,litro,comp,unidade,metro,conjunto,ampola,m3,kit",dicloro tripla acao balde 9 kg
kg,"unidade,litro,comp,frasco,metro,grama,kg,ampola,conjunto,galao",halteres ginastica 9 kg emborrachado
kg,"litro,comp,unidade,metro,grama,conjunto,rolo,caixa,frasco,kit",sal campeao 9 kg comum iodado
kg,"kg,grama,m3,metro,caixa,comp,kit,litro,ampola,unidade",cimento cp ii z 9 cimpor 9 kg
kg,"kg,grama,comp,litro,unidade,metro,ampola,m3,caixa,conjunto",equinos durancho 9 9 kg
kg,"kg,grama,litro,comp,metro,unidade,ampola,m3,conjunto,caixa",sacola preta lixo 9 kg
kg,"kg,grama,litro,comp,ampola,metro,unidade,caixa,m3,conjunto",farelo de soja 9 kg
kg,"kg,grama,metro,caixa,kit,litro,comp,ampola,m3,conjunto",cimento apodi cp ii z 9 kg
kg,"kg,metro,grama,m3,unidade,comp,litro,kit,caixa,ampola",bolo sort  kg
kg,"grama,kg,metro,m3,litro,conjunto,ampola,unidade,comp,frasco",glp em botijao de 9 kg
kg,"grama,kg,comp,ampola,litro,m3,metro,unidade,conjunto,caixa",versatil clor bd 9 kg
kg,"kg,grama,m3,litro,kit,galao,unidade,caixa,ampola,conjunto",cimento cimpor cpii z 9 sc 9 kg
kg,"unidade,litro,comp,metro,grama,cilindro,kg,conjunto,caixa,m3",turbo massa acrilica 9 kg bd
kg,"kg,grama,comp,litro,caixa,ampola,m3,metro,unidade,conjunto",cal supercal 9 kg
kg,"kg,kit,metro,ampola,m3,grama,caixa,litro,unidade,comp",coentro kg
kg,"kg,grama,comp,metro,litro,unidade,m3,conjunto,ampola,frasco",arroz parboilizado 9 kg
kg,"frasco,unidade,grama,caixa,comp,litro,ampola,metro,m3,rolo",varao ferro 9/9 sinobras 9 kg 9 mm ca 9 9
kg,"kg,grama,m3,comp,caixa,ampola,metro,litro,frasco,rolo",cimento cpii 9 kg
kg,"grama,caixa,comp,kg,metro,conjunto,litro,unidade,frasco,ampola",cimento 9 kg zebu cinza
kg,"kg,grama,m3,metro,litro,comp,unidade,caixa,ampola,kit",feijao carioca tipo 9 9 x 9 kg
kg,"kg,grama,m3,comp,metro,litro,unidade,caixa,kit,cilindro",argamassa itatiunga aci 9 kg
kg,"kg,comp,grama,ampola,litro,metro,caixa,unidade,m3,conjunto",equinos 9 ma 9 kg
kg,"grama,kg,comp,litro,frasco,unidade,metro,ampola,caixa,m3",argamassa unimassa ac 9 revestimento 9 kg
kg,"kg,grama,ampola,m3,conjunto,litro,kit,galao,caixa,rolo",cimento elizabeth cp ii z 9 c 9 kg
kg,"kg,grama,metro,caixa,litro,kit,ampola,m3,comp,conjunto",cimento cpii z 9 saco 9 kg
kg,"kg,grama,comp,metro,unidade,litro,m3,frasco,caixa,conjunto",argamassa quart  aci 9 kg
kg,"grama,kg,litro,comp,m3,metro,unidade,ampola,conjunto,frasco",maca gala grande kg
kg,"kg,grama,litro,metro,unidade,comp,ampola,m3,kit,caixa",tinta po cal megao 9 kg
kg,"kg,grama,comp,metro,litro,caixa,ampola,m3,unidade,rolo",sal mimosal 9 kg
kg,"kg,grama,comp,metro,litro,unidade,ampola,m3,caixa,conjunto",arroz olivo parb 9 x 9 kg
kg,"kg,grama,ampola,litro,kit,metro,caixa,unidade,galao,frasco",cp ii z 9 cimpor uso geral saco 9 kg
kg,"comp,ampola,unidade,grama,frasco,metro,kg,litro,kit,caixa",gel ultrassonografia 9 kg vicpharma 
kg,"comp,frasco,metro,grama,ampola,rolo,caixa,kit,litro,unidade",f trigo esp  r  branca 9 x 9 kg c  ferm 
kg,"grama,frasco,comp,ampola,m3,kg,caixa,unidade,metro,conjunto",cimento portland composto apodi cp ii e 9 9 kg 
kg,"comp,grama,litro,frasco,unidade,conjunto,metro,ampola,caixa,kg",cimento sc 9 k cimpor
kg,"kg,grama,ampola,litro,kit,metro,caixa,unidade,galao,frasco",cp ii z 9 cimpor uso geral saco 9 kg
kg,"frasco,unidade,grama,caixa,comp,litro,ampola,metro,m3,rolo",varao ferro 9/9 sinobras 9 kg 9 mm ca 9 9
kg,"unidade,comp,frasco,grama,caixa,metro,ampola,litro,kg,m3",acido borico p a  kg ref 9 marca isofar imposto ibpt nacional 9 
kg,"kg,grama,unidade,litro,ampola,metro,comp,galao,caixa,kit",polpa cong de frutas canaa caja 9 kg
kg,"kg,grama,litro,comp,metro,ampola,m3,unidade,conjunto,rolo",feijao macassar 9 kg
kg,"kg,grama,litro,m3,metro,kit,cilindro,caixa,comp,unidade",tinta esmalte branco gelo kg
kg,"kg,m3,grama,comp,metro,frasco,caixa,ampola,kit,rolo",cimento 9 kg 
kg,"kg,grama,unidade,comp,litro,m3,metro,conjunto,caixa,galao",arroz cacarola parbolizado 9 kg
kg,"comp,unidade,grama,metro,litro,caixa,kg,ampola,kit,m3",versatil past bd 9 kg becker 
kg,"kg,grama,litro,metro,ampola,comp,unidade,galao,caixa,rolo",argamassa p uso int  tipo aci 9 kg
kg,"comp,grama,kg,unidade,litro,caixa,frasco,ampola,metro,conjunto",cimento 9 kg mizu cp ii
kg,"grama,caixa,frasco,comp,litro,m3,unidade,metro,ampola,kg",cimento cpii z 9 rs nbr 9 nbr 9 9 kg cf 9
kg,"kg,grama,comp,metro,litro,caixa,m3,unidade,ampola,rolo",sal campeao 9 kg
kit,"kit,litro,grama,comp,conjunto,galao,metro,unidade,ampola,rolo",kit cor pin corr yam xtz 9 lander
kit,"metro,comp,frasco,kit,litro,unidade,caixa,grama,ampola,kg",kit cor pin corr hda nxr 9 bros premium
kit,"kit,kg,metro,caixa,comp,litro,ampola,grama,conjunto,rolo",kit polimento de amalgama
kit,"kit,litro,kg,metro,ampola,unidade,m3,caixa,conjunto,rolo",kit pnld
kit,"metro,kit,comp,grama,litro,unidade,caixa,m3,conjunto,ampola",kit papa nicolau tam m
kit,"kit,ampola,grama,comp,litro,metro,kg,unidade,caixa,frasco",kit urina 9 areas lote 9 validade 
kit,"kit,litro,kg,metro,ampola,unidade,m3,caixa,conjunto,rolo",kit pnld
kit,"kit,litro,kg,metro,ampola,unidade,m3,caixa,conjunto,rolo",kit pnld
kit,"kit,litro,comp,unidade,grama,rolo,kg,galao,frasco,conjunto",kit embreagem fiorino 9/9 fire
kit,"kit,litro,kg,metro,ampola,unidade,m3,caixa,conjunto,rolo",kit pnld
kit,"litro,unidade,comp,metro,grama,frasco,caixa,conjunto,ampola,kg",toxoplasmose igm atraves da metodologia elisa kit
kit,"metro,comp,grama,litro,kg,ampola,caixa,m3,frasco,rolo",kit contrato 9 am
kit,"kit,litro,caixa,metro,comp,unidade,grama,conjunto,frasco,m3",kit estabilizador diant 9
kit,"kit,litro,kg,metro,ampola,unidade,m3,caixa,conjunto,rolo",kit pnld
kit,"kit,litro,kg,metro,ampola,unidade,m3,caixa,conjunto,rolo",kit pnld
kit,"unidade,litro,comp,conjunto,grama,kg,kit,galao,caixa,rolo",copo caneca  marca kit merenda
kit,"kit,litro,kg,metro,ampola,unidade,m3,caixa,conjunto,rolo",kit pnld
kit,"kit,metro,comp,litro,caixa,frasco,ampola,kg,unidade,rolo",kit conector
kit,"metro,conjunto,grama,kit,ampola,caixa,litro,frasco,unidade,comp",9 s 9/ 9/e   kit alarme
kit,"kit,litro,kg,metro,ampola,unidade,m3,caixa,conjunto,rolo",kit pnld
kit,"kit,litro,kg,metro,ampola,unidade,m3,caixa,conjunto,rolo",kit pnld
kit,"unidade,comp,frasco,grama,caixa,litro,ampola,metro,conjunto,kit",bucha kit mp prestolite m 9 r vw   ford cummins
kit,"kit,litro,kg,metro,ampola,unidade,m3,caixa,conjunto,rolo",kit pnld
kit,"kit,comp,grama,unidade,litro,frasco,caixa,conjunto,rolo,kg",kit andamento titan 9 riffel 
kit,"frasco,comp,grama,unidade,kit,litro,metro,ampola,kg,m3",kit faco 9 mm laureate lote 9 h val 9 9 
kit,"kit,litro,kg,metro,ampola,unidade,m3,caixa,conjunto,rolo",kit pnld
litro,"litro,comp,unidade,frasco,grama,ampola,metro,caixa,conjunto,rolo",tirreno arla 9 9 l
litro,"litro,comp,unidade,frasco,grama,ampola,caixa,metro,rolo,conjunto",plaxmatic 9 9 l detergente umectante p  roupas
litro,"litro,unidade,comp,grama,frasco,ampola,metro,caixa,kg,galao",desinfetante novo brilho caravela 9 l
litro,"litro,unidade,metro,conjunto,comp,grama,frasco,rolo,caixa,ampola",lubrax extra turbo 9 lt
litro,"litro,unidade,grama,comp,rolo,conjunto,ampola,caixa,galao,metro",saco lixo evaristo 9 super refo 9 l
litro,"litro,unidade,comp,conjunto,grama,metro,frasco,m3,caixa,ampola",oleo ursa la 9 9 lt
litro,"litro,unidade,comp,grama,conjunto,ampola,metro,galao,kg,caixa",hand chc antiss ptico alco lico 9 l
litro,"comp,unidade,litro,grama,conjunto,metro,caixa,kg,rolo,cilindro",duramais 9 l branco neve lux
litro,"litro,comp,unidade,grama,conjunto,metro,frasco,ampola,caixa,kg",thinner tempo 9 gl 9 l
litro,"litro,comp,unidade,frasco,metro,grama,ampola,kit,caixa,kg",iquine delanil acril fo  9 lt bco gelo
litro,"litro,comp,unidade,metro,conjunto,grama,frasco,ampola,rolo,caixa",agua mineral 9 litros
litro,"litro,comp,unidade,grama,metro,conjunto,ampola,frasco,rolo,caixa",massa corrida 9 lts
litro,"litro,comp,grama,unidade,metro,conjunto,frasco,caixa,ampola,kit",desinfetante liquido 9 l
litro,"litro,unidade,comp,frasco,grama,metro,ampola,conjunto,caixa,m3",tinta extralux esm sint 9 l azul del rey 9 lux
litro,"litro,comp,unidade,grama,metro,conjunto,caixa,galao,ampola,rolo",tinta luxcril 9 l branco neve lux
litro,"litro,unidade,metro,galao,grama,conjunto,comp,caixa,ampola,rolo",lava roupas conc tradicional 9 lt
litro,"litro,grama,metro,unidade,comp,conjunto,frasco,kit,caixa,rolo",saco para lixo preto 9 lt
litro,"litro,grama,unidade,comp,metro,frasco,conjunto,rolo,caixa,ampola",massa corrida 9 l balde
litro,"litro,unidade,comp,metro,grama,ampola,caixa,galao,frasco,kg",tinta luxcril 9 l azul profundo lux
litro,"litro,unidade,comp,grama,galao,conjunto,kit,caixa,metro,kg",dialine esmalte sintetico 9 lt
litro,"litro,unidade,comp,metro,grama,conjunto,caixa,frasco,ampola,kg",saco p  lixo 9 lts inf
litro,"litro,comp,metro,unidade,conjunto,grama,ampola,rolo,caixa,m3",fanta laranja 9 l pet
litro,"litro,unidade,comp,metro,galao,grama,ampola,caixa,kg,frasco",saco para lixo branco hospitalar 9 lt
litro,"litro,grama,unidade,conjunto,comp,galao,ampola,caixa,kg,rolo",dialine esm sec rap bco neve 9 l
litro,"litro,unidade,conjunto,comp,grama,metro,frasco,m3,kg,caixa",oleo 9 w 9 9 l brutu
litro,"litro,metro,comp,frasco,kg,unidade,grama,ampola,caixa,m3",shine dry 9 lt
litro,"litro,unidade,comp,grama,metro,conjunto,kg,caixa,frasco,kit",arla 9 flua petrobras 9 l
litro,"comp,litro,unidade,metro,conjunto,grama,ampola,frasco,caixa,rolo",alcool 9 c  9 litros
litro,"comp,unidade,litro,frasco,metro,galao,grama,ampola,rolo,kit",extralatex branco neve 9 lt hidracor
litro,"litro,metro,frasco,comp,unidade,grama,rolo,m3,kg,caixa",primax dt 9 lt
litro,"litro,comp,unidade,conjunto,metro,ampola,m3,frasco,caixa,grama",thinner galao 9 lt 9
litro,"litro,comp,unidade,metro,grama,conjunto,frasco,ampola,caixa,rolo",hipoclorito de sodio lt
litro,"litro,unidade,conjunto,grama,comp,galao,metro,caixa,rolo,ampola",saco lixo ultraplast 9 l preto
litro,"litro,comp,unidade,metro,grama,conjunto,caixa,m3,frasco,kg",oleo mobil mx 9 lt
litro,"unidade,frasco,comp,grama,litro,metro,caixa,kg,ampola,rolo",carrinho metalosa 9 x 9 verm 9 l c 9 un
litro,"litro,unidade,comp,grama,metro,kg,ampola,frasco,conjunto,caixa",detergente 9 l fd
litro,"litro,metro,unidade,kg,kit,comp,rolo,frasco,galao,ampola",arla 9 9 lt
litro,"litro,unidade,comp,metro,grama,conjunto,frasco,rolo,ampola,caixa",esmalte sintetico 9 lt
litro,"litro,unidade,comp,grama,metro,kit,caixa,conjunto,kg,frasco",pintalar 9 lt areia iquine
litro,"grama,kg,litro,metro,ampola,comp,caixa,galao,unidade,conjunto",glutaron 9 dias 9 l inativador 9 g
litro,"litro,comp,unidade,metro,frasco,grama,caixa,ampola,rolo,conjunto",tinta decora sb 9 lts branco gelo coral
litro,"litro,unidade,comp,grama,metro,galao,conjunto,caixa,rolo,kit",saco p  lixo infectante 9 lts
litro,"comp,grama,metro,ampola,litro,unidade,kit,caixa,galao,kg",base coralservice coralmur 9 lt t 
litro,"litro,comp,grama,unidade,caixa,kg,metro,conjunto,ampola,cilindro",diatex acrilico vanilla 9 l
litro,"litro,grama,comp,unidade,conjunto,metro,rolo,frasco,ampola,caixa", gua sanit ria 9 lt
litro,"litro,metro,grama,unidade,comp,caixa,frasco,kit,conjunto,kg",solvente natrielli gl 9 lt
litro,"comp,ampola,frasco,unidade,grama,metro,litro,caixa,kit,kg",iquine dialine esm 9 l cinza medio bri 
litro,"litro,comp,unidade,grama,conjunto,frasco,metro,ampola,caixa,rolo",tecryl d 9 azul 9 l
litro,"litro,comp,grama,unidade,conjunto,metro,galao,caixa,rolo,frasco",refrigerante lim o  peti c  9 l
litro,"litro,unidade,metro,comp,frasco,grama,ampola,caixa,rolo,kit",tintas lux duramais bd 9 l branco gelo
litro,"litro,comp,unidade,metro,conjunto,grama,frasco,ampola,rolo,caixa",agua mineral 9 litros
litro,"litro,grama,unidade,galao,comp,metro,conjunto,ampola,rolo,caixa",detergente concentrado neutro 9 lt
litro,"litro,unidade,grama,comp,frasco,metro,conjunto,kit,caixa,kg",tinta esm sint  cinza 9 l
litro,"litro,unidade,comp,grama,frasco,conjunto,metro,rolo,caixa,ampola",letahcide plus bb 9 l
litro,"litro,comp,metro,unidade,grama,frasco,ampola,caixa,rolo,galao",fixador p raio x galao c  9 litros p preparar 9 l marca hexa fotoq
litro,"comp,litro,unidade,grama,metro,conjunto,frasco,kit,rolo,caixa",saco p  lixo comum 9 l pr
litro,"litro,unidade,comp,metro,galao,grama,ampola,caixa,kg,frasco",saco para lixo branco hospitalar 9 lt
litro,"litro,comp,unidade,metro,conjunto,grama,frasco,ampola,rolo,caixa",agua mineral 9 litros
litro,"litro,comp,unidade,metro,grama,frasco,ampola,caixa,conjunto,rolo",blue amaciante bactericida p roupas 9 lts
litro,"comp,litro,ampola,grama,frasco,metro,caixa,kg,unidade,conjunto",hidrotintas demais int  9 l v primavera
litro,"comp,litro,unidade,metro,conjunto,grama,ampola,frasco,caixa,rolo",alcool gel 9 9 litros
litro,"litro,unidade,frasco,grama,comp,metro,caixa,ampola,rolo,conjunto",lubrificante ursa super td sae 9 w 9 9 l
litro,"litro,comp,unidade,grama,metro,caixa,cilindro,ampola,rolo,frasco",massa acri 9 l hidrotintas
litro,"litro,comp,unidade,grama,metro,ampola,caixa,conjunto,galao,kg",tinta rende muito 9 lts verde kiwi
litro,"litro,comp,unidade,frasco,grama,ampola,metro,caixa,conjunto,rolo",tirreno arla 9 9 l
litro,"litro,unidade,comp,metro,grama,caixa,kg,conjunto,cilindro,m3",oleo dulub hidraulico 9 9 lt
litro,"litro,comp,unidade,frasco,metro,caixa,ampola,grama,rolo,conjunto",tinta acril pintapiso 9 lt cz medio coral
litro,"litro,comp,unidade,frasco,grama,ampola,caixa,metro,rolo,conjunto",plaxmatic 9 9 l detergente umectante p  roupas
litro,"litro,grama,unidade,comp,kg,conjunto,rolo,caixa,metro,frasco",creme protetor solar fps 9 9 l
litro,"unidade,litro,frasco,grama,caixa,metro,comp,ampola,kg,m3",removed cera becker tira facil c 9 lt 9
litro,"grama,comp,conjunto,kit,unidade,litro,metro,galao,m3,ampola",becker clor ltq bb 9 lt becker 
litro,"litro,comp,unidade,grama,metro,conjunto,frasco,ampola,m3,rolo",sabonete liquido 9 lt
litro,"litro,grama,unidade,comp,metro,frasco,conjunto,caixa,rolo,ampola",saco para lixo preto 9 l
litro,"litro,unidade,frasco,metro,ampola,kit,comp,grama,caixa,galao",liex 9 9 l detergente neutro uso geral
litro,"litro,unidade,comp,grama,metro,galao,ampola,kg,frasco,caixa",detergente de piso sempre limpo 9 lt
litro,"litro,comp,unidade,grama,frasco,ampola,conjunto,caixa,metro,rolo",iguatemi floral bb 9 l desinfetante liquido
litro,"litro,unidade,comp,metro,grama,ampola,galao,caixa,kg,frasco",desinfetante concentrado caravela 9 lt
litro,"litro,conjunto,grama,comp,caixa,unidade,ampola,metro,galao,kit",tinta rende muito 9 lts ceramica
litro,"litro,grama,comp,unidade,conjunto,rolo,ampola,caixa,galao,metro",viapol ecoprimer manta barrica 9 l
litro,"litro,comp,grama,metro,conjunto,frasco,unidade,rolo,ampola,caixa",refrigerante 9 lt
litro,"comp,litro,unidade,metro,ampola,frasco,grama,caixa,rolo,kg",tinta lux luxcril acrilica 9 lts  azul p
litro,"litro,unidade,comp,grama,galao,metro,conjunto,ampola,caixa,rolo",plaxmatic 9 9 l alvejante l quido
litro,"litro,unidade,comp,frasco,grama,metro,ampola,conjunto,caixa,m3",tinta extralux esm sint 9 l azul del rey 9 lux
litro,"litro,comp,unidade,grama,frasco,metro,conjunto,caixa,ampola,rolo",liex soft 9 l amaciante a base de quatern rio
litro,"litro,comp,conjunto,grama,unidade,metro,caixa,frasco,rolo,kg",coralar acr gl 9 l branco
litro,"litro,unidade,comp,grama,metro,galao,ampola,caixa,kg,rolo",selador acrilico iquine delanil 9 l
litro,"unidade,litro,caixa,grama,comp,frasco,metro,m3,ampola,kg",saco p  lixo infectante 9 l 9 x 9 pct c  9
litro,"litro,comp,metro,unidade,ampola,grama,frasco,caixa,rolo,galao",tinta lux luxcril acrilica 9 lt br neve
litro,"litro,grama,kg,ampola,comp,unidade,metro,conjunto,caixa,galao",coralar esm vermelho 9 l sec rapida
litro,"comp,m3,grama,litro,metro,cilindro,caixa,kit,unidade,kg",rev  ch positivo c 9 lt  9 
litro,"litro,comp,unidade,grama,metro,frasco,caixa,conjunto,rolo,cilindro",extralatex verde limao 9 l
litro,"litro,unidade,frasco,comp,grama,conjunto,metro,caixa,m3,kit",oxig nio med  cil om 9 l
litro,"litro,metro,ampola,comp,unidade,kg,caixa,kit,grama,galao",tinta lux colorir 9 l azul turquesa
litro,"comp,litro,unidade,conjunto,metro,grama,frasco,rolo,ampola,caixa",extralux 9 l branco
litro,"litro,comp,unidade,grama,metro,conjunto,caixa,galao,ampola,rolo",tinta luxcril 9 l branco neve lux
litro,"litro,unidade,frasco,metro,ampola,kit,comp,grama,caixa,galao",liex 9 9 l detergente neutro uso geral
litro,"comp,litro,metro,unidade,grama,conjunto,caixa,rolo,kit,ampola",agua destilada 9 lt galao
litro,"litro,unidade,comp,metro,grama,caixa,conjunto,ampola,cilindro,kg",oleo thf 9 lubrax 9 litros
litro,"litro,grama,unidade,comp,metro,frasco,conjunto,rolo,caixa,ampola",massa corrida 9 l balde
litro,"litro,unidade,comp,grama,conjunto,metro,caixa,frasco,rolo,ampola",lubrax top turbo 9 w 9 9 l
litro,"litro,comp,frasco,metro,conjunto,ampola,grama,unidade,rolo,caixa",fixador p  raio x automatico p 9 lt cx papelao
litro,"litro,unidade,galao,grama,ampola,metro,comp,caixa,rolo,kg",veda bem impermeabilizante azul 9 lt
litro,"litro,comp,grama,unidade,metro,conjunto,caixa,galao,ampola,rolo",tinta luxcril 9 l branco gelo lux
litro,"litro,comp,unidade,grama,metro,conjunto,ampola,frasco,caixa,rolo",spar ht 9 bb 9 lts
litro,"litro,unidade,metro,grama,conjunto,comp,caixa,frasco,rolo,kg",oleo hidraulico 9 c  9 lt
litro,"litro,unidade,comp,grama,metro,kg,ampola,frasco,conjunto,caixa",detergente 9 l fd
litro,"litro,unidade,comp,grama,galao,caixa,metro,conjunto,kit,ampola",massa corri 9 lt diatex iquine
litro,"litro,comp,unidade,metro,grama,frasco,caixa,conjunto,ampola,rolo",liex soft 9 l amaciante base de quatern rio
litro,"litro,comp,unidade,grama,conjunto,metro,frasco,rolo,ampola,m3",garrafa pet cp 9 l ct
litro,"litro,comp,metro,unidade,grama,frasco,ampola,caixa,rolo,galao",fixador p raio x galao c  9 litros p preparar 9 l marca hexa fotoq
litro,"litro,unidade,metro,grama,comp,conjunto,caixa,frasco,ampola,rolo",saco p  lixo preto 9 lts
litro,"comp,litro,metro,grama,unidade,conjunto,caixa,kit,rolo,cilindro",esm extralux 9 l cinza medio
litro,"litro,comp,ampola,frasco,metro,unidade,caixa,grama,conjunto,rolo",tinta iquine pintalar vinil acr 9 l perola
litro,"litro,unidade,metro,caixa,comp,ampola,frasco,grama,kg,m3",tinta acril int bd plast 9 l bco neve 9
litro,"litro,comp,unidade,grama,metro,conjunto,ampola,m3,caixa,frasco",desinfetante 9 lt max
litro,"litro,comp,unidade,metro,grama,frasco,ampola,caixa,rolo,conjunto",tinta lux luxcril acrilica 9 lts  br gel
litro,"litro,unidade,comp,metro,galao,grama,ampola,caixa,kg,frasco",saco para lixo branco hospitalar 9 lt
m3,"m3,caixa,metro,kg,comp,unidade,frasco,grama,litro,cilindro",oxigenio 9 m 9
m3,"m3,frasco,unidade,caixa,litro,grama,conjunto,comp,metro,ampola",oxido nitroso cil linde 9 l 9 kg vz onu 9 oxido nitroso  comprimido 9 9 9
m3,"m3,caixa,metro,kg,comp,unidade,frasco,grama,litro,cilindro",oxigenio 9 m 9
m3,"m3,caixa,metro,kg,comp,unidade,frasco,grama,litro,cilindro",oxigenio 9 m 9
m3,"m3,comp,unidade,litro,caixa,grama,conjunto,frasco,metro,ampola",ar comprimido 9 m 9
m3,"unidade,litro,frasco,comp,caixa,grama,m3,metro,ampola,kg",oxig nio med  em cil  9 m 9 9 9 na 9 onu
m3,"m3,caixa,kg,grama,litro,metro,comp,conjunto,unidade,cilindro",cilindro de oxig nio de 9 m 9
m3,"m3,grama,ampola,comp,conjunto,caixa,kg,litro,kit,unidade",oxigenio medicinal cil k 9 m 9  
m3,"m3,caixa,metro,kg,comp,unidade,frasco,grama,litro,cilindro",oxigenio 9 m 9
m3,"caixa,m3,unidade,frasco,litro,comp,grama,metro,ampola,kg",oxigenio med cil linde 9 l 9 m 9 vz onu 9 oxigenio  comprimido 9 9 9
m3,"unidade,litro,conjunto,metro,caixa,m3,ampola,grama,comp,kg",ar comprimido cil linde 9 l 9 m 9 vz onu 9 ar comprimido 9 9
m3,"m3,comp,grama,metro,caixa,kit,kg,ampola,cilindro,conjunto",cilindro de oxig nio de 9 m 
m3,"unidade,ampola,litro,caixa,m3,kg,grama,metro,frasco,kit",oxig nio med cil om 9 m 9 onu 9 9 9 9
m3,"m3,caixa,litro,unidade,conjunto,grama,comp,kg,metro,kit",oxigenio medicinal cil t 9 m 9
m3,"comp,m3,grama,metro,caixa,kit,ampola,frasco,kg,unidade",ar medicinal cil k 9 m 9  
m3,"m3,grama,comp,unidade,caixa,kit,conjunto,litro,kg,ampola",oxigenio medicinal cil 9 m 9  
m3,"m3,caixa,metro,kg,comp,unidade,frasco,grama,litro,cilindro",oxigenio 9 m 9
m3,"m3,metro,comp,kg,caixa,frasco,grama,unidade,kit,ampola",oxigenio 9 m 
m3,"m3,metro,kg,caixa,comp,frasco,unidade,ampola,litro,kit",oxigenio samu
m3,"m3,grama,ampola,comp,conjunto,caixa,litro,kit,kg,unidade",oxigenio medicinal cil t 9 m 9  
m3,"comp,m3,grama,metro,caixa,kit,ampola,frasco,kg,unidade",ar medicinal cil k 9 m 9  
m3,"comp,m3,grama,metro,caixa,kit,ampola,frasco,kg,unidade",ar medicinal cil k 9 m 9  
m3,"caixa,m3,unidade,frasco,litro,comp,grama,metro,ampola,kg",oxigenio med cil linde 9 l 9 m 9 vz onu 9 oxigenio  comprimido 9 9 9
m3,"m3,grama,ampola,comp,conjunto,caixa,litro,kit,kg,unidade",oxigenio medicinal cil t 9 m 9  
m3,"m3,caixa,metro,kg,comp,unidade,frasco,grama,litro,cilindro",oxigenio 9 m 9
m3,"m3,caixa,metro,kg,comp,unidade,frasco,grama,litro,cilindro",oxigenio 9 m 9
m3,"m3,grama,ampola,comp,conjunto,caixa,litro,kit,kg,unidade",oxigenio medicinal cil t 9 m 9  
m3,"m3,grama,ampola,comp,conjunto,caixa,litro,kit,kg,unidade",oxigenio medicinal cil t 9 m 9  
m3,"m3,caixa,metro,kg,comp,unidade,frasco,grama,litro,cilindro",oxigenio 9 m 9
m3,"m3,caixa,metro,kg,comp,unidade,frasco,grama,litro,cilindro",oxigenio 9 m 9
m3,"m3,caixa,litro,unidade,conjunto,grama,comp,kg,metro,kit",oxigenio medicinal cil t 9 m 9
m3,"m3,caixa,metro,kg,comp,unidade,frasco,grama,litro,cilindro",oxigenio 9 m 9
m3,"caixa,m3,unidade,frasco,litro,comp,grama,metro,ampola,kg",oxigenio med cil linde 9 l 9 m 9 vz onu 9 oxigenio  comprimido 9 9 9
m3,"m3,comp,unidade,litro,caixa,grama,conjunto,frasco,metro,ampola",ar comprimido 9 m 9
m3,"caixa,m3,unidade,frasco,litro,comp,grama,metro,ampola,kg",oxigenio med cil linde 9 l 9 m 9 vz onu 9 oxigenio  comprimido 9 9 9
m3,"m3,caixa,kg,grama,litro,metro,comp,conjunto,unidade,cilindro",cilindro de oxig nio de 9 m 9
m3,"m3,caixa,metro,kg,comp,unidade,frasco,grama,litro,cilindro",oxigenio 9 m 9
m3,"m3,comp,unidade,litro,caixa,grama,conjunto,frasco,metro,ampola",ar comprimido 9 m 9
m3,"m3,caixa,metro,kg,comp,unidade,frasco,grama,litro,cilindro",oxigenio 9 m 9
m3,"m3,grama,ampola,comp,conjunto,caixa,litro,kit,kg,unidade",oxigenio medicinal cil t 9 m 9  
m3,"m3,comp,unidade,litro,caixa,grama,conjunto,frasco,metro,ampola",ar comprimido 9 m 9
m3,"m3,grama,ampola,comp,conjunto,caixa,litro,kit,kg,unidade",oxigenio medicinal cil t 9 m 9  
m3,"m3,caixa,metro,kg,comp,unidade,frasco,grama,litro,cilindro",oxigenio 9 m 9
m3,"m3,grama,caixa,comp,unidade,metro,frasco,conjunto,litro,kg",ar medicinal cil k 9 m 9
metro,"unidade,comp,grama,litro,metro,caixa,kg,m3,rolo,conjunto",atadura crepon 9 cm x 9 m 9 f
metro,"grama,metro,litro,unidade,comp,caixa,conjunto,kg,kit,ampola",tnt cores diversas   rolo c  9 m
metro,"litro,comp,conjunto,frasco,unidade,metro,ampola,grama,caixa,rolo",tecido tnt cor div 9 x 9 m 9 p polipropilento
metro,"unidade,metro,litro,grama,comp,frasco,caixa,rolo,galao,ampola",papel toalha fd c 9 pct  c 9 und x 9 mt
metro,"grama,metro,comp,unidade,caixa,litro,frasco,kg,ampola,m3",passamanaria av 9 pc c 9 m
metro,"litro,metro,comp,unidade,grama,conjunto,frasco,ampola,caixa,rolo",entretela colante 9 mt
metro,"litro,unidade,metro,comp,grama,conjunto,ampola,rolo,frasco,m3",papel higienico 9 mts
metro,"unidade,comp,litro,ampola,metro,grama,galao,kg,caixa,kit",cabo flexivel 9 mm c 9 m megacampos
metro,"unidade,metro,comp,ampola,grama,litro,frasco,kg,caixa,kit",cer 9 x 9 icapui bco a cx 9 m cerbras
metro,"unidade,grama,litro,metro,frasco,comp,caixa,rolo,ampola,galao",papel esteril bobina pgc petpp 9 mmx 9 mt
metro,"metro,m3,comp,litro,caixa,kg,unidade,frasco,ampola,grama",oxigenio 9 mts
metro,"unidade,litro,comp,grama,caixa,metro,m3,conjunto,kg,rolo",sapucaia serr em linha 9 m 9/9
metro,"litro,unidade,comp,metro,grama,galao,caixa,ampola,rolo,conjunto",atadura crepe 9 cm x 9 m ortoflex
metro,"unidade,metro,grama,ampola,comp,kg,galao,kit,caixa,litro",papel higienico angel soft 9 x 9 9 m
metro,"metro,m3,comp,litro,caixa,kg,unidade,frasco,ampola,grama",oxigenio 9 mts
metro,"litro,metro,conjunto,comp,unidade,grama,ampola,kit,galao,caixa",tubo pvc 9 mm pn 9 c  9 mts er met
metro,"comp,unidade,grama,litro,metro,caixa,conjunto,rolo,frasco,cilindro",gaze queijo 9 f 9 mts clean
metro,"grama,frasco,comp,unidade,metro,ampola,litro,m3,caixa,conjunto",papel grau cirurgico medio 9 mm x 9 m lote 9 
metro,"litro,comp,unidade,metro,frasco,caixa,grama,rolo,ampola,conjunto",tnt rosas pk 9 grx 9 m 9 p polipropileno
metro,"frasco,comp,grama,unidade,metro,ampola,m3,caixa,litro,conjunto",papel grau cirurgico grande 9 mm x 9 m lote m 9 
metro,"kit,frasco,grama,comp,metro,ampola,m3,caixa,unidade,kg",fita adesiva autoclave 9 mm x 9 m                 
metro,"metro,m3,comp,litro,caixa,kg,unidade,frasco,ampola,grama",oxigenio 9 mts
metro,"unidade,litro,comp,grama,frasco,caixa,metro,rolo,ampola,conjunto",papel hig  institu  lorde verde bco 9 celulose c 9 m fd c 9 rl lorde
metro,"litro,metro,galao,comp,unidade,grama,ampola,caixa,kg,conjunto",esparadrapo impermeavel 9 cm x 9 mt
metro,"grama,unidade,metro,comp,frasco,ampola,caixa,litro,kg,m3",papel higienico personal lavanda 9 r 9 m
metro,"comp,unidade,metro,frasco,ampola,grama,litro,conjunto,caixa,m3",tubo de latex n  9 pct c  9 m 9 r latex lote 9 
metro,"litro,conjunto,grama,comp,metro,unidade,ampola,rolo,kit,caixa",fita isolante 9 m display amanco
metro,"litro,metro,unidade,comp,grama,caixa,rolo,conjunto,kg,m3",papel grau cir ph 9 mmx 9 mt
metro,"litro,comp,metro,unidade,grama,caixa,kit,kg,m3,conjunto",fita isolante tigre 9 x 9 mts
metro,"metro,comp,grama,litro,kit,ampola,caixa,unidade,m3,kg",fita auto clave 9 mm x 9 m
metro,"litro,metro,unidade,comp,ampola,grama,conjunto,kit,galao,caixa",tecido tnt 9 x 9 m cores diversas
metro,"litro,unidade,comp,caixa,grama,frasco,metro,rolo,ampola,galao",lencol papel hosp 9 x 9 mts creme recicl
metro,"unidade,grama,comp,metro,litro,conjunto,ampola,m3,galao,caixa",papel grau cirurgico 9 cm x 9 mt imposto ibpt nacional 9 
metro,"comp,metro,frasco,grama,unidade,litro,ampola,m3,caixa,kit",filme para ultrasom typi i normal upp 9 s 9 mm 9 m cx com 9 sony lote 9 
metro,"metro,m3,comp,litro,caixa,kg,unidade,frasco,ampola,grama",oxigenio 9 mts
metro,"litro,frasco,comp,grama,conjunto,unidade,ampola,caixa,rolo,metro",cerbras ceram 9 a 9 mt araripe cinza titanio
metro,"metro,litro,unidade,ampola,comp,caixa,kg,grama,frasco,kit",tubo pvc 9 mm c 9 mts p bolsa classe a
metro,"metro,litro,comp,unidade,grama,conjunto,ampola,kg,caixa,kit",esparadrapo tam 9 cm x 9 mt
metro,"metro,grama,comp,litro,unidade,kit,conjunto,ampola,caixa,rolo",fio paralelo 9 x 9 9 m cobrecom
metro,"grama,frasco,comp,unidade,metro,ampola,litro,m3,caixa,conjunto",papel grau cirurgico medio 9 mm x 9 m lote 9 
metro,"litro,comp,metro,unidade,grama,caixa,cilindro,conjunto,kit,ampola",frillon 9 9 x 9 mt acrilon
metro,"litro,unidade,comp,frasco,metro,grama,rolo,ampola,galao,caixa",eletroduto corrugado 9 mm 9 mt amarelo
metro,"metro,m3,comp,litro,caixa,kg,unidade,frasco,ampola,grama",oxigenio 9 mts
metro,"metro,ampola,comp,kg,kit,litro,unidade,grama,caixa,galao",fita cirurgica microporosa 9 mmx 9 m
metro,"unidade,comp,frasco,grama,litro,caixa,metro,ampola,conjunto,kg",atadura de crepom 9 f 9 cm x 9 m pct c  9 lote 9
metro,"comp,litro,unidade,grama,conjunto,metro,ampola,galao,caixa,rolo",veda rosca 9 x 9 mts polytubes
metro,"kit,frasco,grama,comp,metro,ampola,m3,caixa,unidade,kg",fita adesiva autoclave 9 mm x 9 m                 
metro,"metro,m3,comp,litro,caixa,kg,unidade,frasco,ampola,grama",oxigenio 9 mts
metro,"comp,grama,frasco,unidade,caixa,ampola,litro,metro,rolo,m3",pelicula g 9 9 mts chacoal grafite flex 
metro,"metro,grama,kit,comp,litro,unidade,frasco,conjunto,m3,ampola",fita 9 x 9 carvalho 9 m r
metro,"unidade,frasco,grama,caixa,metro,comp,litro,conjunto,ampola,m3",papel esteril bobina pgc petpp 9 mmx 9 mt lote 9
metro,"grama,comp,unidade,conjunto,metro,litro,galao,caixa,ampola,m3",gaze em rolo tipo queijo 9 dobras de 9 cmx 9 m megatex 
metro,"litro,comp,conjunto,frasco,unidade,metro,ampola,grama,caixa,rolo",tecido tnt cor div 9 x 9 m 9 p polipropilento
metro,"metro,comp,grama,litro,kit,unidade,caixa,ampola,kg,frasco",filtro oleo comb  r 9 9 m
metro,"litro,unidade,grama,comp,conjunto,caixa,kg,rolo,kit,galao",copo desc copobras transp 9 ml
metro,"comp,grama,metro,unidade,m3,caixa,kg,litro,kit,conjunto",barra chata 9/9 x 9/9 a 9 9 m
metro,"unidade,metro,comp,grama,litro,m3,caixa,rolo,kg,conjunto",papel grau cirurgico 9 mmx 9 m
metro,"grama,litro,comp,frasco,unidade,conjunto,metro,ampola,rolo,caixa",gaze hidrofila 9 cmx 9 m 9 fios stander nataly
rolo,"comp,grama,frasco,litro,unidade,ampola,metro,rolo,caixa,conjunto",gase rolo 9 x 9 9 fios bio textil bio textil 
rolo,"unidade,litro,metro,comp,frasco,ampola,grama,caixa,conjunto,galao",lencol descartavel de papel em rolo 9 x 9 m dumbo marca sapporo
rolo,"litro,comp,metro,conjunto,unidade,grama,rolo,frasco,kit,caixa",folha de aluminio em rolo
rolo,"unidade,litro,grama,comp,metro,conjunto,frasco,rolo,ampola,caixa",gaze rolo 9 x 9 9 f std
rolo,"comp,unidade,frasco,grama,ampola,litro,metro,caixa,conjunto,rolo",atadura crepom 9 x 9 9 fios pct 9 rls biote 
rolo,"litro,comp,metro,unidade,conjunto,grama,ampola,caixa,frasco,rolo",rolo de la 9 cm atlas
rolo,"litro,unidade,grama,comp,metro,rolo,galao,conjunto,frasco,ampola",papel grau cirurgico 9 cmx 9 mt rl
rolo,"litro,unidade,comp,grama,conjunto,galao,metro,rolo,caixa,frasco",gaze em rolo 9 fios biotextil
rolo,"litro,unidade,grama,comp,metro,rolo,galao,conjunto,frasco,ampola",papel grau cirurgico 9 cmx 9 mt rl
unidade,"unidade,litro,comp,metro,caixa,cilindro,kg,m3,kit,frasco",ovos c 9 und
unidade,"unidade,comp,litro,grama,metro,frasco,conjunto,caixa,kg,rolo",agulha desc 9 x 9 9 und
unidade,"unidade,litro,grama,conjunto,comp,galao,metro,caixa,ampola,kit",ovos de granja dm ovos c 9 unds
unidade,"comp,litro,grama,metro,unidade,conjunto,caixa,rolo,galao,frasco",g glimepirida 9 mg c 9 sandoz
unidade,"unidade,grama,litro,caixa,metro,comp,ampola,conjunto,galao,frasco",papel chamex mult a 9 c 9 fls 9 x 9
unidade,"unidade,litro,comp,metro,caixa,cilindro,kg,m3,kit,frasco",ovos c 9 und
unidade,"unidade,litro,comp,metro,caixa,cilindro,kg,m3,kit,frasco",ovos c 9 und
unidade,"caixa,unidade,litro,cilindro,grama,comp,m3,conjunto,kg,metro",ovos vermelho cascavel c 9
unidade,"unidade,litro,comp,metro,grama,galao,ampola,caixa,rolo,kg",atadura de crepe de 9 cm c  9 neve
unidade,"unidade,litro,comp,metro,caixa,cilindro,kg,m3,kit,frasco",ovos c 9 und
unidade,"litro,conjunto,unidade,comp,metro,grama,frasco,m3,ampola,caixa",ovo medio c 9 sonovo
unidade,"comp,unidade,ampola,litro,metro,frasco,grama,kg,kit,caixa",teicoplanina 9 mg teiplan c 9 uniao 
unidade,"grama,frasco,comp,unidade,litro,caixa,ampola,metro,conjunto,rolo",copo descart vel caixa c  9 unid copobras
unidade,"unidade,litro,comp,grama,frasco,caixa,kit,metro,conjunto,kg",pilha alcalina pequena aa lr 9   cartela c  9 und
unidade,"unidade,comp,metro,litro,ampola,grama,frasco,kg,galao,caixa",atadura de crepom 9 cm x 9 9 fios c 9 imposto ibpt nacional 9 
unidade,"comp,litro,metro,unidade,conjunto,grama,ampola,m3,rolo,caixa",noex 9 mcg c 9 doses
unidade,"unidade,litro,comp,metro,caixa,cilindro,kg,m3,kit,frasco",ovos c 9 und
unidade,"unidade,grama,frasco,comp,litro,kg,caixa,metro,ampola,galao",papel a 9 copimax 9 x 9 c 9 fls 9 x 9
unidade,"unidade,litro,comp,metro,grama,caixa,rolo,galao,conjunto,frasco",papel oficio a 9 9 x 9 c 9 fls
unidade,"unidade,comp,litro,grama,metro,conjunto,frasco,caixa,ampola,kg",esponja de aco c 9 und
unidade,"unidade,comp,frasco,metro,caixa,ampola,grama,litro,kg,kit",luva de procedimento p cx c 9 embramac 
unidade,"unidade,grama,litro,ampola,kit,kg,galao,comp,metro,frasco",sais p  reidratacao oral c 9 env 9 gr
unidade,"unidade,comp,litro,metro,grama,frasco,conjunto,caixa,m3,kg",atad  de crepom 9 cm c 9
unidade,"litro,comp,unidade,caixa,metro,frasco,conjunto,grama,ampola,rolo",tubo plast  p col  a vacuo tp am 9 ml 9 x 9 mm c ativ  coag  gel sep rack c 9 und marca injex
unidade,"unidade,litro,grama,comp,metro,frasco,conjunto,caixa,kg,ampola",carbono 9 face cx c 9 fls
unidade,"unidade,litro,comp,metro,caixa,cilindro,kg,m3,kit,frasco",ovos c 9 und
unidade,"unidade,comp,litro,caixa,frasco,grama,metro,m3,conjunto,rolo",pilha rayovac media c 9
unidade,"unidade,comp,frasco,grama,kit,caixa,litro,metro,kg,conjunto",lamina para estilete  a o largura de 9 cm c  9 und 
unidade,"unidade,comp,grama,litro,metro,caixa,conjunto,m3,rolo,frasco",papel higienico folha dupla fardo com 9 pct com 9 und 
unidade,"unidade,comp,litro,metro,caixa,frasco,grama,kg,ampola,galao",atadura de crepom 9 cm x 9 9 fios c 9
unidade,"grama,comp,kit,caixa,conjunto,ampola,unidade,kg,frasco,metro",sonda de aspiracao traqueal n 9 pct  c 9 medsonda 
unidade,"comp,grama,unidade,litro,metro,caixa,conjunto,frasco,kg,ampola",carvedilol 9 mg c 9 gen
unidade,"litro,grama,unidade,comp,frasco,galao,ampola,caixa,kg,metro",compressa 9 x 9 9 fios c 9 esteril
unidade,"unidade,litro,comp,grama,conjunto,frasco,metro,m3,caixa,ampola",pano de prato c  9 ud
unidade,"unidade,litro,comp,grama,metro,caixa,rolo,conjunto,galao,cilindro",papel sulfite a 9 bco c 9 fls
unidade,"litro,unidade,comp,metro,galao,grama,conjunto,rolo,caixa,kit",papel a 9 9 x 9 c 9 fls report
unidade,"unidade,litro,comp,metro,grama,conjunto,rolo,caixa,frasco,kit",papel a 9 com 9 folhas rino
unidade,"comp,frasco,grama,unidade,ampola,conjunto,m3,caixa,metro,litro",carbonato de litio 9 mg g cx c 9 c 9 hipol c 9 
unidade,"comp,frasco,unidade,caixa,grama,litro,ampola,metro,conjunto,rolo",luva procedim top quality tam p 9 un medix 
unidade,"unidade,comp,litro,grama,metro,cilindro,caixa,conjunto,m3,rolo",metronidazol creme vag 9 und
unidade,"unidade,litro,conjunto,comp,grama,metro,m3,caixa,frasco,cilindro",ovo branco medio 9 und
unidade,"unidade,litro,comp,grama,metro,frasco,galao,ampola,kg,caixa",papel oficio a 9 report 9 x 9 c 9 fls
unidade,"unidade,litro,grama,comp,metro,conjunto,caixa,ampola,galao,kg",balao 9 liso rosa tutti frutti c 9
unidade,"comp,unidade,caixa,litro,grama,frasco,m3,metro,ampola,kg",eva em folha c 9
unidade,"unidade,litro,comp,metro,caixa,cilindro,kg,m3,kit,frasco",ovos c 9 und
unidade,"unidade,grama,litro,conjunto,comp,metro,kg,caixa,ampola,galao",compressa gaze 9 x 9 9 fios 9 und
unidade,"unidade,litro,comp,conjunto,grama,metro,m3,caixa,ampola,frasco",ovo bandeja c 9 unds
unidade,"unidade,litro,cilindro,comp,caixa,conjunto,metro,grama,m3,kg",ovos de galinha emb c 9 und
unidade,"unidade,litro,comp,metro,grama,caixa,rolo,galao,conjunto,frasco",papel oficio a 9 9 x 9 c 9 fls
unidade,"unidade,grama,litro,comp,kg,metro,ampola,caixa,frasco,conjunto",caneta esferografica azul 9 c 9 und
unidade,"unidade,litro,comp,grama,conjunto,caixa,metro,m3,kg,cilindro",ovos brancos bandeja c  9 und
unidade,"unidade,litro,comp,metro,ampola,kit,frasco,grama,galao,caixa",lapis hidrocor c 9 neopen compactor
unidade,"unidade,m3,caixa,frasco,litro,grama,comp,metro,ampola,kg",oxigenio med em cil 9 m 9 tg 9 na un 9
unidade,"unidade,litro,comp,grama,metro,frasco,galao,ampola,kg,caixa",papel oficio a 9 report 9 x 9 c 9 fls
unidade,"unidade,comp,litro,grama,frasco,ampola,metro,caixa,kg,conjunto",unid proc dig peq cap unid proc dig hp d
unidade,"comp,grama,unidade,litro,ampola,conjunto,caixa,cilindro,metro,kg",nutrison 9 energy tetra 9 ml cx c 9 lot 9 fab  val 
unidade,"unidade,frasco,comp,grama,ampola,metro,caixa,litro,kg,kit",levomepromazina 9 mg levozine cx 9 c 9 
unidade,"unidade,litro,comp,grama,metro,frasco,galao,ampola,kg,caixa",papel oficio a 9 report 9 x 9 c 9 fls
unidade,"unidade,comp,litro,caixa,grama,metro,m3,conjunto,kg,cilindro",esponja multiuso unid 9 x 9
unidade,"unidade,litro,conjunto,comp,grama,metro,kg,ampola,rolo,kit",hf ovo bco gd pvc bdj 9 x 9 9 und
unidade,"comp,unidade,frasco,grama,litro,metro,caixa,ampola,rolo,conjunto",papel linho tam a 9 c 9 und bco offpaper
unidade,"comp,unidade,litro,grama,caixa,metro,m3,cilindro,conjunto,kg",atadura crepom 9 cm pct c  9
unidade,"unidade,litro,comp,grama,metro,caixa,rolo,conjunto,galao,cilindro",papel sulfite a 9 bco c 9 fls
unidade,"unidade,litro,comp,metro,grama,galao,ampola,caixa,rolo,kg",atadura de crepe de 9 cm c  9 neve
unidade,"comp,frasco,unidade,caixa,grama,litro,ampola,metro,conjunto,rolo",luva procedim top quality tam p 9 un medix 
unidade,"litro,metro,unidade,comp,caixa,frasco,ampola,grama,m3,kg",triglicerideo enzimatico c 9 testes lt 9
unidade,"unidade,litro,comp,grama,metro,frasco,galao,ampola,kg,caixa",papel oficio a 9 report 9 x 9 c 9 fls
unidade,"unidade,litro,comp,frasco,grama,metro,caixa,conjunto,ampola,rolo",toalha de papel folha 9 x 9 cm fardo com 9 und
unidade,"unidade,litro,comp,grama,metro,frasco,galao,ampola,kg,caixa",papel oficio a 9 report 9 x 9 c 9 fls
unidade,"unidade,litro,comp,metro,grama,caixa,rolo,galao,conjunto,frasco",papel oficio a 9 9 x 9 c 9 fls
unidade,"unidade,comp,litro,metro,caixa,frasco,grama,kg,ampola,galao",atadura de crepom 9 cm x 9 9 fios c 9
unidade,"grama,comp,conjunto,ampola,unidade,metro,kg,m3,caixa,galao",compressa de gaze 9 x 9 cm 9 fios esteril herica c 9 pct c 
unidade,"unidade,litro,comp,metro,ampola,kit,frasco,grama,galao,caixa",lapis hidrocor c 9 neopen compactor
unidade,"unidade,litro,metro,grama,conjunto,comp,caixa,frasco,ampola,m3",ovos de galinha bandeja c  9 unidades sao luis
unidade,"unidade,caixa,conjunto,litro,grama,m3,frasco,metro,comp,cilindro",ovos granja mauricea c 9
unidade,"unidade,comp,litro,grama,frasco,ampola,kit,kg,metro,caixa",abridor de boca adulto maquira 9 un 
unidade,"grama,unidade,comp,litro,frasco,metro,caixa,conjunto,kg,ampola",caneta compactor 9 c 9 az
unidade,"unidade,grama,comp,conjunto,kg,litro,kit,caixa,galao,ampola",copo descartavel 9 ml c 9 unid 
unidade,"litro,unidade,frasco,comp,grama,conjunto,metro,ampola,caixa,rolo",atadura de crepon 9 cm 9 9 fios c 9 unid  real
unidade,"comp,unidade,grama,litro,metro,conjunto,caixa,kit,ampola,kg",captopril 9 mg g cx c 9 mario 
unidade,"unidade,comp,grama,litro,caixa,m3,frasco,conjunto,ampola,metro",papel higienico c 9
unidade,"unidade,litro,comp,grama,conjunto,caixa,metro,m3,kg,cilindro",ovos brancos bandeja c  9 und
unidade,"litro,unidade,comp,metro,grama,frasco,rolo,caixa,conjunto,ampola",papel sulfite a 9 c 9 fls
unidade,"unidade,grama,litro,comp,kg,metro,ampola,caixa,frasco,conjunto",caneta esferografica azul 9 c 9 und
unidade,"litro,unidade,grama,comp,metro,caixa,galao,kit,conjunto,rolo",lamina de bisturi c 9 9 labor
unidade,"unidade,litro,comp,metro,caixa,cilindro,kg,m3,kit,frasco",ovos c 9 und
unidade,"comp,unidade,caixa,m3,metro,litro,grama,cilindro,conjunto,kg",algodao 9 9 c ag 9 cm cx c 9
unidade,"unidade,litro,comp,metro,caixa,cilindro,kg,m3,kit,frasco",ovos c 9 und
unidade,"conjunto,grama,caixa,m3,litro,ampola,unidade,galao,comp,kg",dipirona envelope c 9 dipimed n 9
unidade,"unidade,litro,comp,grama,conjunto,frasco,metro,ampola,caixa,m3",mebendazol susp und
unidade,"unidade,comp,litro,metro,grama,frasco,conjunto,caixa,m3,kg",atad  de crepom 9 cm c 9
unidade,"unidade,litro,comp,grama,metro,frasco,galao,ampola,kg,caixa",papel oficio a 9 report 9 x 9 c 9 fls
unidade,"comp,unidade,litro,grama,m3,conjunto,frasco,metro,caixa,ampola",sabonete infantil c 9
unidade,"comp,unidade,grama,metro,litro,frasco,caixa,kit,conjunto,ampola",papel toalha c 9 caprice 
unidade,"unidade,litro,comp,metro,frasco,grama,caixa,kg,kit,conjunto",bot o bonor ny pol  9/9 9 pto c 9 und
unidade,"unidade,comp,grama,litro,frasco,conjunto,m3,metro,caixa,ampola",abaixador de lingua c  9
unidade,"unidade,litro,comp,metro,caixa,cilindro,kg,m3,kit,frasco",ovos c 9 und
unidade,"unidade,comp,litro,metro,frasco,grama,caixa,ampola,rolo,galao",atadura de crepe de 9 cm c  9 unid 9 fios
unidade,"comp,unidade,grama,metro,frasco,caixa,litro,conjunto,ampola,kit",lacto purga env c 9 comp 
unidade,"litro,comp,caixa,unidade,grama,frasco,metro,ampola,conjunto,rolo",syphilis ice c 9 t lote d 9 marca diasorin
unidade,"comp,unidade,litro,grama,caixa,metro,m3,cilindro,conjunto,kg",atadura crepom 9 cm pct c  9
unidade,"litro,unidade,comp,conjunto,metro,grama,caixa,frasco,ampola,cilindro",tubo p col  a vacuo plast  tp am 9 ml 9 x 9 mm c ativ  coag  gel sep rack c 9 und lote 9/9 marca injex
unidade,"comp,unidade,litro,metro,grama,caixa,rolo,conjunto,kg,cilindro",papel ofic a 9 c 9 hp office
unidade,"unidade,litro,grama,comp,conjunto,caixa,metro,m3,frasco,rolo",ovos granja cascavel bd c 9 un
unidade,"comp,litro,metro,grama,unidade,cilindro,caixa,conjunto,m3,ampola",hidrocortisona 9 mg c 9 inj
unidade,"comp,unidade,grama,ampola,metro,frasco,litro,galao,kit,caixa",prometazina 9 mg c 9 cristalia sp 
unidade,"unidade,litro,comp,conjunto,grama,metro,caixa,m3,frasco,cilindro",ovos bandeja com 9 und
unidade,"unidade,litro,comp,conjunto,grama,metro,m3,frasco,caixa,cilindro",ovos bandeja c  9 und
unidade,"unidade,litro,comp,grama,frasco,conjunto,caixa,metro,ampola,m3",pilha media c 9 und
unidade,"comp,litro,unidade,grama,metro,ampola,caixa,conjunto,frasco,m3",fosforo maco c  9 cx
unidade,"comp,unidade,litro,grama,conjunto,m3,kg,ampola,caixa,kit",hioscina composta sol inj  c 9 imposto ibpt nacional 9 
unidade,"caixa,comp,unidade,grama,frasco,metro,m3,litro,ampola,kg",papel oficio c 9
unidade,"caixa,unidade,comp,grama,litro,frasco,ampola,metro,m3,conjunto",nylon mon  preto 9 9 c  ag  9/9 9 cm cx c 9
unidade,"unidade,grama,comp,litro,metro,frasco,conjunto,caixa,m3,kg",bandeja de ovos c  9 und
unidade,"comp,unidade,grama,litro,metro,ampola,caixa,conjunto,m3,kg",haloperidol 9 mg cx 9 halo c 9 
unidade,"unidade,litro,comp,grama,frasco,caixa,conjunto,metro,ampola,rolo",lapis grafite n 9 sem ponteira pacote c 9 und
unidade,"comp,unidade,ampola,litro,metro,frasco,grama,kg,kit,caixa",teicoplanina 9 mg teiplan c 9 uniao 
unidade,"unidade,litro,comp,grama,metro,frasco,galao,ampola,kg,caixa",papel oficio a 9 report 9 x 9 c 9 fls
unidade,"unidade,litro,comp,grama,metro,conjunto,frasco,caixa,kg,rolo",saco p  lixo 9 lt c 9 ud
unidade,"unidade,caixa,frasco,comp,kg,grama,litro,metro,ampola,m3",caldo de galinha e carne knor tira c 9
